{
"type": "FeatureCollection",
"name": "kalsel_facilities_snapped",
"crs": { "type": "name", "properties": { "name": "urn:ogc:def:crs:OGC:1.3:CRS84" } },
"features": [
{ "type": "Feature", "properties": { "osm_id": 9800077, "osm_type": "relation", "name": null, "amenity": "clinic", "healthcare": "clinic", "snap_dist_m": 27.789427052913581, "snap_lon": 114.8182273, "snap_lat": -3.4307537 }, "geometry": { "type": "Point", "coordinates": [ 114.818394226609811, -3.430567438209791 ] } },
{ "type": "Feature", "properties": { "osm_id": 9101918, "osm_type": "relation", "name": "Kompleks Puskesmas Desa Tanjung", "amenity": "clinic", "healthcare": null, "snap_dist_m": 21.872731943975332, "snap_lon": 114.881815, "snap_lat": -3.7118392 }, "geometry": { "type": "Point", "coordinates": [ 114.881617960217554, -3.711833598950044 ] } },
{ "type": "Feature", "properties": { "osm_id": 7892155, "osm_type": "relation", "name": "Puskesmas Alalak Selatan", "amenity": "clinic", "healthcare": "clinic", "snap_dist_m": 20.041188098385707, "snap_lon": 114.5713212, "snap_lat": -3.28633 }, "geometry": { "type": "Point", "coordinates": [ 114.571369392953827, -3.286503694075022 ] } },
{ "type": "Feature", "properties": { "osm_id": 1271037862, "osm_type": "way", "name": null, "amenity": "clinic", "healthcare": null, "snap_dist_m": 85.554441031554546, "snap_lon": 114.9407597, "snap_lat": -2.8806041 }, "geometry": { "type": "Point", "coordinates": [ 114.941117436702953, -2.879922675994957 ] } },
{ "type": "Feature", "properties": { "osm_id": 1271038056, "osm_type": "way", "name": null, "amenity": "clinic", "healthcare": null, "snap_dist_m": 17.801803068994424, "snap_lon": 114.9342033, "snap_lat": -2.8799504 }, "geometry": { "type": "Point", "coordinates": [ 114.934306680822033, -2.879828048289704 ] } },
{ "type": "Feature", "properties": { "osm_id": 1273254091, "osm_type": "way", "name": null, "amenity": "hospital", "healthcare": "hospital", "snap_dist_m": 82.972121566030907, "snap_lon": 114.982882, "snap_lat": -2.8673833 }, "geometry": { "type": "Point", "coordinates": [ 114.983604452240684, -2.867193135179221 ] } },
{ "type": "Feature", "properties": { "osm_id": 1283507592, "osm_type": "way", "name": "Klinik", "amenity": "clinic", "healthcare": null, "snap_dist_m": 26.278840003713508, "snap_lon": 114.941261, "snap_lat": -2.8836046 }, "geometry": { "type": "Point", "coordinates": [ 114.941464649989868, -2.88372495000532 ] } },
{ "type": "Feature", "properties": { "osm_id": 1298961733, "osm_type": "way", "name": "Puskesmas Pembantu Puntik Luar", "amenity": "clinic", "healthcare": null, "snap_dist_m": 14.110271777726853, "snap_lon": 114.6676192, "snap_lat": -3.2296609 }, "geometry": { "type": "Point", "coordinates": [ 114.667536641208272, -3.229564419652637 ] } },
{ "type": "Feature", "properties": { "osm_id": 1302970341, "osm_type": "way", "name": "Puskesmas Sungai Durian", "amenity": "clinic", "healthcare": null, "snap_dist_m": 23.566609264806576, "snap_lon": 116.1646712, "snap_lat": -2.5141858 }, "geometry": { "type": "Point", "coordinates": [ 116.164876952693731, -2.514237430337708 ] } },
{ "type": "Feature", "properties": { "osm_id": 1302986514, "osm_type": "way", "name": "Puskesmas Pembantu Pamukan Indah", "amenity": "clinic", "healthcare": null, "snap_dist_m": 15445.871119684967, "snap_lon": 116.1804993, "snap_lat": -2.5039962 }, "geometry": { "type": "Point", "coordinates": [ 116.258501203291146, -2.389008202107484 ] } },
{ "type": "Feature", "properties": { "osm_id": 1302986515, "osm_type": "way", "name": "Puskesmas Bakau", "amenity": "clinic", "healthcare": null, "snap_dist_m": 12224.711845294818, "snap_lon": 116.1804993, "snap_lat": -2.5039962 }, "geometry": { "type": "Point", "coordinates": [ 116.238030219034414, -2.410278721985907 ] } },
{ "type": "Feature", "properties": { "osm_id": 1330567602, "osm_type": "way", "name": "Rumah Sakit Marina Permata", "amenity": "hospital", "healthcare": "hospital", "snap_dist_m": 98.977410007055056, "snap_lon": 115.9854079, "snap_lat": -3.3976843 }, "geometry": { "type": "Point", "coordinates": [ 115.986272512404184, -3.397466598575019 ] } },
{ "type": "Feature", "properties": { "osm_id": 1349159647, "osm_type": "way", "name": "Puskesmas Tapin Utara", "amenity": "clinic", "healthcare": null, "snap_dist_m": 35.027777731225086, "snap_lon": 115.1435464, "snap_lat": -2.9323466 }, "geometry": { "type": "Point", "coordinates": [ 115.143676148705325, -2.932633727375526 ] } },
{ "type": "Feature", "properties": { "osm_id": 1349159638, "osm_type": "way", "name": "RSUD Datu Sanggul", "amenity": "hospital", "healthcare": null, "snap_dist_m": 140.12250449706187, "snap_lon": 115.1792398, "snap_lat": -2.9400194 }, "geometry": { "type": "Point", "coordinates": [ 115.180467775464138, -2.940309273292139 ] } },
{ "type": "Feature", "properties": { "osm_id": 717858341, "osm_type": "way", "name": "Rumah Sakit Umum Suaka Insan", "amenity": "hospital", "healthcare": "hospital", "snap_dist_m": 112.11015054712105, "snap_lon": 114.5793027, "snap_lat": -3.3119355 }, "geometry": { "type": "Point", "coordinates": [ 114.58015686113076, -3.312473434571004 ] } },
{ "type": "Feature", "properties": { "osm_id": 720933355, "osm_type": "way", "name": "RS Umum Ciputra Mitra Hospital", "amenity": "hospital", "healthcare": "hospital", "snap_dist_m": 52.321331021699159, "snap_lon": 114.6298064, "snap_lat": -3.361916 }, "geometry": { "type": "Point", "coordinates": [ 114.629829519616123, -3.3614460293392 ] } },
{ "type": "Feature", "properties": { "osm_id": 788772803, "osm_type": "way", "name": "Rumah Sakit Pembalah Batung", "amenity": "hospital", "healthcare": "hospital", "snap_dist_m": 20.030561835288751, "snap_lon": 115.254566, "snap_lat": -2.4172345 }, "geometry": { "type": "Point", "coordinates": [ 115.254702641550722, -2.417352026258028 ] } },
{ "type": "Feature", "properties": { "osm_id": 654625770, "osm_type": "way", "name": "Pos Bersalin Desa Tanjung", "amenity": "clinic", "healthcare": null, "snap_dist_m": 36.225091007147228, "snap_lon": 114.859236, "snap_lat": -3.7097527 }, "geometry": { "type": "Point", "coordinates": [ 114.859448582384587, -3.709999945998747 ] } },
{ "type": "Feature", "properties": { "osm_id": 654640260, "osm_type": "way", "name": "Bidan Desa Ketapang", "amenity": "doctors", "healthcare": null, "snap_dist_m": 15.10859038630552, "snap_lon": 114.8068996, "snap_lat": -3.7896855 }, "geometry": { "type": "Point", "coordinates": [ 114.806937803434181, -3.789815917942348 ] } },
{ "type": "Feature", "properties": { "osm_id": 1039614596, "osm_type": "way", "name": "Puskesmas Pembantu Tatah Layap", "amenity": "clinic", "healthcare": null, "snap_dist_m": 11.692274450865904, "snap_lon": 114.5809665, "snap_lat": -3.3958146 }, "geometry": { "type": "Point", "coordinates": [ 114.580922199996721, -3.39590999999959 ] } },
{ "type": "Feature", "properties": { "osm_id": 1074580596, "osm_type": "way", "name": "Puskesmas Telaga Bauntung", "amenity": "clinic", "healthcare": null, "snap_dist_m": 42.81741500953126, "snap_lon": 115.2071481, "snap_lat": -3.0694026 }, "geometry": { "type": "Point", "coordinates": [ 115.207480499999548, -3.069207400009617 ] } },
{ "type": "Feature", "properties": { "osm_id": 1087730085, "osm_type": "way", "name": "RS Sumber Jaya Sehat d.h Pahlawan Medika Center", "amenity": "hospital", "healthcare": "hospital", "snap_dist_m": 44.861210118388357, "snap_lon": 115.2650324, "snap_lat": -2.781166 }, "geometry": { "type": "Point", "coordinates": [ 115.264629899968668, -2.781199827040973 ] } },
{ "type": "Feature", "properties": { "osm_id": 1124899664, "osm_type": "way", "name": "Poskesdes Tanipah", "amenity": "clinic", "healthcare": null, "snap_dist_m": 18.893979507602182, "snap_lon": 114.6688905, "snap_lat": -3.2284344 }, "geometry": { "type": "Point", "coordinates": [ 114.66905804999756, -3.228464199999188 ] } },
{ "type": "Feature", "properties": { "osm_id": 1157839428, "osm_type": "way", "name": "Puskesmas Pembantu Malintang", "amenity": "clinic", "healthcare": null, "snap_dist_m": 39.252812006139045, "snap_lon": 114.6228044, "snap_lat": -3.4313828 }, "geometry": { "type": "Point", "coordinates": [ 114.622733156250618, -3.431728571428528 ] } },
{ "type": "Feature", "properties": { "osm_id": 1157839436, "osm_type": "way", "name": "Puskesmas Beruntung Baru", "amenity": "clinic", "healthcare": null, "snap_dist_m": 25.723373967656691, "snap_lon": 114.6241084, "snap_lat": -3.5009025 }, "geometry": { "type": "Point", "coordinates": [ 114.623901238629387, -3.501006232722762 ] } },
{ "type": "Feature", "properties": { "osm_id": 1167870220, "osm_type": "way", "name": "RSUD Badaruddin Kasim", "amenity": "hospital", "healthcare": null, "snap_dist_m": 101.02152553889019, "snap_lon": 115.4365575, "snap_lat": -2.1759874 }, "geometry": { "type": "Point", "coordinates": [ 115.435705863668204, -2.176305439051135 ] } },
{ "type": "Feature", "properties": { "osm_id": 1179642422, "osm_type": "way", "name": "Poskesdes Sungai Dua Laut", "amenity": "clinic", "healthcare": null, "snap_dist_m": 53.900152848420717, "snap_lon": 115.7550564, "snap_lat": -3.6930227 }, "geometry": { "type": "Point", "coordinates": [ 115.754745968594221, -3.693395528253064 ] } },
{ "type": "Feature", "properties": { "osm_id": 1179655353, "osm_type": "way", "name": "Polindes Guntung", "amenity": "clinic", "healthcare": null, "snap_dist_m": 49.981232528127435, "snap_lon": 115.7120043, "snap_lat": -3.4217841 }, "geometry": { "type": "Point", "coordinates": [ 115.712436368894998, -3.421657511821567 ] } },
{ "type": "Feature", "properties": { "osm_id": 1179658288, "osm_type": "way", "name": "Poskesdes Anjir Baru", "amenity": "clinic", "healthcare": null, "snap_dist_m": 21.538441143153893, "snap_lon": 115.7914808, "snap_lat": -3.4890451 }, "geometry": { "type": "Point", "coordinates": [ 115.791664650000527, -3.489107099999972 ] } },
{ "type": "Feature", "properties": { "osm_id": 1179894023, "osm_type": "way", "name": "Puskesmas Banian", "amenity": "clinic", "healthcare": null, "snap_dist_m": 43.341138612908566, "snap_lon": 115.9635365, "snap_lat": -2.5203828 }, "geometry": { "type": "Point", "coordinates": [ 115.963427301363737, -2.520756998109268 ] } },
{ "type": "Feature", "properties": { "osm_id": 1179894024, "osm_type": "way", "name": "RSUD Sengayam", "amenity": "hospital", "healthcare": null, "snap_dist_m": 70.776496892307648, "snap_lon": 115.9867637, "snap_lat": -2.3740825 }, "geometry": { "type": "Point", "coordinates": [ 115.986954244653788, -2.374689869659695 ] } },
{ "type": "Feature", "properties": { "osm_id": 1392260014, "osm_type": "way", "name": "Poskesdes Sungai Rasau", "amenity": "clinic", "healthcare": null, "snap_dist_m": 135.98442361392119, "snap_lon": 114.7430402, "snap_lat": -3.0473327 }, "geometry": { "type": "Point", "coordinates": [ 114.743936939424458, -3.048165590894092 ] } },
{ "type": "Feature", "properties": { "osm_id": 1366730325, "osm_type": "way", "name": "Puskesmas Banjarbaru Selatan", "amenity": "clinic", "healthcare": "clinic", "snap_dist_m": 71.943269338132268, "snap_lon": 114.8295777, "snap_lat": -3.4435961 }, "geometry": { "type": "Point", "coordinates": [ 114.829690384993427, -3.444233248868164 ] } },
{ "type": "Feature", "properties": { "osm_id": 1356468164, "osm_type": "way", "name": "Puskesmas Pulau Tanjung", "amenity": "clinic", "healthcare": null, "snap_dist_m": 65.432733964902894, "snap_lon": 115.9286858, "snap_lat": -3.536219 }, "geometry": { "type": "Point", "coordinates": [ 115.928293250000849, -3.535779949999634 ] } },
{ "type": "Feature", "properties": { "osm_id": 1270786613, "osm_type": "way", "name": "Klinik", "amenity": "clinic", "healthcare": null, "snap_dist_m": 27.23979686576163, "snap_lon": 115.0871801, "snap_lat": -2.984739 }, "geometry": { "type": "Point", "coordinates": [ 115.086963645088673, -2.984854266054942 ] } },
{ "type": "Feature", "properties": { "osm_id": 1031576791, "osm_type": "way", "name": "Puskesmas Sungai Ulin", "amenity": "hospital", "healthcare": "hospital", "snap_dist_m": 34.818571457738109, "snap_lon": 114.8684669, "snap_lat": -3.4462256 }, "geometry": { "type": "Point", "coordinates": [ 114.868756317597743, -3.446346393695961 ] } },
{ "type": "Feature", "properties": { "osm_id": 1031585150, "osm_type": "way", "name": "Rumah Sakit Umum Syifa Medika", "amenity": "hospital", "healthcare": "hospital", "snap_dist_m": 34.302494645589206, "snap_lon": 114.8170611, "snap_lat": -3.4584373 }, "geometry": { "type": "Point", "coordinates": [ 114.816932569109028, -3.458156754377921 ] } },
{ "type": "Feature", "properties": { "osm_id": 1039610829, "osm_type": "way", "name": "Puskesmas Kaliring", "amenity": "clinic", "healthcare": null, "snap_dist_m": 35.725174700415046, "snap_lon": 115.2907842, "snap_lat": -2.7964833 }, "geometry": { "type": "Point", "coordinates": [ 115.291104143671603, -2.796450084804746 ] } },
{ "type": "Feature", "properties": { "osm_id": 900998895, "osm_type": "way", "name": "Poskesdes Mantuyan", "amenity": "clinic", "healthcare": null, "snap_dist_m": 15.639173466829767, "snap_lon": 115.6775339, "snap_lat": -2.3300027 }, "geometry": { "type": "Point", "coordinates": [ 115.677393724768109, -2.33001553781708 ] } },
{ "type": "Feature", "properties": { "osm_id": 901002691, "osm_type": "way", "name": "Poskesdes Telaga Purun", "amenity": "clinic", "healthcare": null, "snap_dist_m": 23.131061321728943, "snap_lon": 115.5392861, "snap_lat": -2.3768964 }, "geometry": { "type": "Point", "coordinates": [ 115.539325050000315, -2.377100750000211 ] } },
{ "type": "Feature", "properties": { "osm_id": 901020942, "osm_type": "way", "name": "Puskesmas Tebing Tinggi", "amenity": "clinic", "healthcare": null, "snap_dist_m": 18.844734649438241, "snap_lon": 115.6148917, "snap_lat": -2.438996 }, "geometry": { "type": "Point", "coordinates": [ 115.615042449999024, -2.438918300000827 ] } },
{ "type": "Feature", "properties": { "osm_id": 901051552, "osm_type": "way", "name": "Puskesmas Pembantu Kedondong", "amenity": "clinic", "healthcare": null, "snap_dist_m": 27.352541939742924, "snap_lon": 115.5096987, "snap_lat": -2.4207202 }, "geometry": { "type": "Point", "coordinates": [ 115.509888795030861, -2.420876526933623 ] } },
{ "type": "Feature", "properties": { "osm_id": 915916197, "osm_type": "way", "name": "Rumah Sunat Bintang", "amenity": "clinic", "healthcare": null, "snap_dist_m": 40.550019757372986, "snap_lon": 115.3159775, "snap_lat": -2.6353338 }, "geometry": { "type": "Point", "coordinates": [ 115.316313973352095, -2.635192332922097 ] } },
{ "type": "Feature", "properties": { "osm_id": 916887554, "osm_type": "way", "name": "Praktek Dokter Umum Dr. Shinta Mirani", "amenity": "doctors", "healthcare": "doctor", "snap_dist_m": 60.003452823383988, "snap_lon": 115.4207915, "snap_lat": -2.6233897 }, "geometry": { "type": "Point", "coordinates": [ 115.420694660276581, -2.623920582092868 ] } },
{ "type": "Feature", "properties": { "osm_id": 917694607, "osm_type": "way", "name": "Klinik", "amenity": "clinic", "healthcare": null, "snap_dist_m": 90.537277408853029, "snap_lon": 115.087333, "snap_lat": -2.9469238 }, "geometry": { "type": "Point", "coordinates": [ 115.087986151010213, -2.946436483424488 ] } },
{ "type": "Feature", "properties": { "osm_id": 918149429, "osm_type": "way", "name": "Puskesmas", "amenity": "clinic", "healthcare": null, "snap_dist_m": 12.296038904691532, "snap_lon": 115.0018997, "snap_lat": -2.8518643 }, "geometry": { "type": "Point", "coordinates": [ 115.001934317626635, -2.851969336801391 ] } },
{ "type": "Feature", "properties": { "osm_id": 918529072, "osm_type": "way", "name": "Puskesmas", "amenity": "clinic", "healthcare": null, "snap_dist_m": 24.586796157280489, "snap_lon": 115.1873822, "snap_lat": -3.0490134 }, "geometry": { "type": "Point", "coordinates": [ 115.187527662997624, -3.049180109173747 ] } },
{ "type": "Feature", "properties": { "osm_id": 918758548, "osm_type": "way", "name": "Puskesmas", "amenity": "clinic", "healthcare": null, "snap_dist_m": 24.671807603163753, "snap_lon": 115.278479, "snap_lat": -2.9583909 }, "geometry": { "type": "Point", "coordinates": [ 115.278667557770007, -2.958273550469314 ] } },
{ "type": "Feature", "properties": { "osm_id": 918809657, "osm_type": "way", "name": "Klinik", "amenity": "clinic", "healthcare": null, "snap_dist_m": 69.895240030508745, "snap_lon": 115.0108331, "snap_lat": -2.8540841 }, "geometry": { "type": "Point", "coordinates": [ 115.010231349999117, -2.853899950000525 ] } },
{ "type": "Feature", "properties": { "osm_id": 919137626, "osm_type": "way", "name": "Puskesmas Baringin", "amenity": "clinic", "healthcare": null, "snap_dist_m": 92.802013749119581, "snap_lon": 114.9370112, "snap_lat": -2.8934925 }, "geometry": { "type": "Point", "coordinates": [ 114.93776422722064, -2.893130653574829 ] } },
{ "type": "Feature", "properties": { "osm_id": 1192037502, "osm_type": "way", "name": "Poskesdes Baruh Tabing", "amenity": "clinic", "healthcare": null, "snap_dist_m": 38.601098540136064, "snap_lon": 115.3010334, "snap_lat": -2.408733 }, "geometry": { "type": "Point", "coordinates": [ 115.301233049363091, -2.408448883338749 ] } },
{ "type": "Feature", "properties": { "osm_id": 933641763, "osm_type": "way", "name": "Puskesmas Lama Sungai Tabuk 1", "amenity": "hospital", "healthcare": "hospital", "snap_dist_m": 36.668496226773151, "snap_lon": 114.7000122, "snap_lat": -3.3221864 }, "geometry": { "type": "Point", "coordinates": [ 114.699855461223962, -3.321896120490379 ] } },
{ "type": "Feature", "properties": { "osm_id": 969992071, "osm_type": "way", "name": "Puskesmas Paramasan", "amenity": "clinic", "healthcare": null, "snap_dist_m": 110.77180935241709, "snap_lon": 115.4537437, "snap_lat": -2.9894536 }, "geometry": { "type": "Point", "coordinates": [ 115.452751053945931, -2.989552281295692 ] } },
{ "type": "Feature", "properties": { "osm_id": 789009026, "osm_type": "way", "name": "Rumah Sakit Khusus Bedah Siaga", "amenity": "hospital", "healthcare": "hospital", "snap_dist_m": 28.990507761293571, "snap_lon": 114.6174605, "snap_lat": -3.3367584 }, "geometry": { "type": "Point", "coordinates": [ 114.617637887678242, -3.336949747959992 ] } },
{ "type": "Feature", "properties": { "osm_id": 791427699, "osm_type": "way", "name": "Rumah Sakit Gigi Mulut Gusti Hasan Aman", "amenity": "hospital", "healthcare": "hospital", "snap_dist_m": 40.129153507393617, "snap_lon": 114.602176, "snap_lat": -3.322232 }, "geometry": { "type": "Point", "coordinates": [ 114.601901046552868, -3.321997700676185 ] } },
{ "type": "Feature", "properties": { "osm_id": 839296704, "osm_type": "way", "name": "Puskesmas Tambang Ulang", "amenity": "clinic", "healthcare": "clinic", "snap_dist_m": 31.611549976775912, "snap_lon": 114.7281803, "snap_lat": -3.6923271 }, "geometry": { "type": "Point", "coordinates": [ 114.728364481851798, -3.692110216987069 ] } },
{ "type": "Feature", "properties": { "osm_id": 860583263, "osm_type": "way", "name": "Rumah Sakit Umum Daerah Idaman Banjarbaru", "amenity": "hospital", "healthcare": "hospital", "snap_dist_m": 96.762063374727433, "snap_lon": 114.8020191, "snap_lat": -3.4607285 }, "geometry": { "type": "Point", "coordinates": [ 114.801152039307794, -3.460819037441853 ] } },
{ "type": "Feature", "properties": { "osm_id": 889424328, "osm_type": "way", "name": "Puskesmas Limpasu", "amenity": "clinic", "healthcare": null, "snap_dist_m": 18.772874898498888, "snap_lon": 115.4895445, "snap_lat": -2.4894482 }, "geometry": { "type": "Point", "coordinates": [ 115.489696557590577, -2.489521855830934 ] } },
{ "type": "Feature", "properties": { "osm_id": 889451330, "osm_type": "way", "name": "Poskesdes Sumanggi Seberang", "amenity": "clinic", "healthcare": null, "snap_dist_m": 11.239769203675413, "snap_lon": 115.3831543, "snap_lat": -2.515544 }, "geometry": { "type": "Point", "coordinates": [ 115.383062825522757, -2.515587197730659 ] } },
{ "type": "Feature", "properties": { "osm_id": 889451343, "osm_type": "way", "name": "Puskesmas Pembantu Ayuang", "amenity": "clinic", "healthcare": null, "snap_dist_m": 34.018957348528268, "snap_lon": 115.3875663, "snap_lat": -2.5439826 }, "geometry": { "type": "Point", "coordinates": [ 115.387446627613713, -2.544264213068204 ] } },
{ "type": "Feature", "properties": { "osm_id": 889451355, "osm_type": "way", "name": "Poskesdes Pulau Damar", "amenity": "clinic", "healthcare": null, "snap_dist_m": 23.429578902491237, "snap_lon": 115.3826994, "snap_lat": -2.4430668 }, "geometry": { "type": "Point", "coordinates": [ 115.382488731258164, -2.443056957504391 ] } },
{ "type": "Feature", "properties": { "osm_id": 889464169, "osm_type": "way", "name": "Puskesmas Taras Padang", "amenity": "clinic", "healthcare": null, "snap_dist_m": 9.81124733567896, "snap_lon": 115.3610272, "snap_lat": -2.6269252 }, "geometry": { "type": "Point", "coordinates": [ 115.361054849997842, -2.627009000000676 ] } },
{ "type": "Feature", "properties": { "osm_id": 890746211, "osm_type": "way", "name": "Puskesmas Kambat Utara", "amenity": "clinic", "healthcare": null, "snap_dist_m": 67.774030918541328, "snap_lon": 115.3427945, "snap_lat": -2.5326276 }, "geometry": { "type": "Point", "coordinates": [ 115.343205182765004, -2.532176859373278 ] } },
{ "type": "Feature", "properties": { "osm_id": 890746231, "osm_type": "way", "name": "Langgar Darul Falah", "amenity": "clinic", "healthcare": null, "snap_dist_m": 14.691541599528124, "snap_lon": 115.3471099, "snap_lat": -2.5331095 }, "geometry": { "type": "Point", "coordinates": [ 115.347079621981536, -2.533238115079738 ] } },
{ "type": "Feature", "properties": { "osm_id": 890797675, "osm_type": "way", "name": "Puskesmas Barikin", "amenity": "clinic", "healthcare": null, "snap_dist_m": 26.582410707839447, "snap_lon": 115.3269759, "snap_lat": -2.6822266 }, "geometry": { "type": "Point", "coordinates": [ 115.327107383309595, -2.682026849328562 ] } },
{ "type": "Feature", "properties": { "osm_id": 236226370, "osm_type": "way", "name": "RSUD H. Boejasin", "amenity": "hospital", "healthcare": "hospital", "snap_dist_m": 73.927216181854334, "snap_lon": 114.7783498, "snap_lat": -3.7999378 }, "geometry": { "type": "Point", "coordinates": [ 114.778519667579218, -3.799294924816774 ] } },
{ "type": "Feature", "properties": { "osm_id": 1030286118, "osm_type": "way", "name": "Puskesmas Rawat Inap Cempaka", "amenity": "hospital", "healthcare": "hospital", "snap_dist_m": 47.268689444586968, "snap_lon": 114.8398785, "snap_lat": -3.5032541 }, "geometry": { "type": "Point", "coordinates": [ 114.839762527206915, -3.502845066455549 ] } },
{ "type": "Feature", "properties": { "osm_id": 676150310, "osm_type": "way", "name": "Puskesmas Lepasan", "amenity": "clinic", "healthcare": null, "snap_dist_m": 29.547283385592255, "snap_lon": 114.7796945, "snap_lat": -2.9793369 }, "geometry": { "type": "Point", "coordinates": [ 114.779876533689631, -2.979530711994907 ] } },
{ "type": "Feature", "properties": { "osm_id": 702649825, "osm_type": "way", "name": "Rumah Sakit Tk.III Dr. R.Soedarsono", "amenity": "hospital", "healthcare": "hospital", "snap_dist_m": 91.127699805823269, "snap_lon": 114.5655682, "snap_lat": -3.323097 }, "geometry": { "type": "Point", "coordinates": [ 114.564845173626082, -3.323485099003574 ] } },
{ "type": "Feature", "properties": { "osm_id": 702649834, "osm_type": "way", "name": "Puskesmas Teluk Dalam", "amenity": "clinic", "healthcare": "clinic", "snap_dist_m": 72.631200746411281, "snap_lon": 114.5806358, "snap_lat": -3.322086 }, "geometry": { "type": "Point", "coordinates": [ 114.579994914898705, -3.321954469873948 ] } },
{ "type": "Feature", "properties": { "osm_id": 706400384, "osm_type": "way", "name": "Rumah Sakit Islam Banjarmasin", "amenity": "hospital", "healthcare": "hospital", "snap_dist_m": 54.747794036964812, "snap_lon": 114.5897907, "snap_lat": -3.3075566 }, "geometry": { "type": "Point", "coordinates": [ 114.589439722625812, -3.307210706913699 ] } },
{ "type": "Feature", "properties": { "osm_id": 708005332, "osm_type": "way", "name": "Puskesmas Pekauman", "amenity": "clinic", "healthcare": "clinic", "snap_dist_m": 27.006467562039486, "snap_lon": 114.5906814, "snap_lat": -3.3306009 }, "geometry": { "type": "Point", "coordinates": [ 114.590449183077766, -3.330673326382366 ] } },
{ "type": "Feature", "properties": { "osm_id": 708721354, "osm_type": "way", "name": "Puskesmas Pembantu Gunung Riut", "amenity": "clinic", "healthcare": null, "snap_dist_m": 16.770090548296118, "snap_lon": 115.6294073, "snap_lat": -2.1846265 }, "geometry": { "type": "Point", "coordinates": [ 115.62954528228093, -2.184565390776773 ] } },
{ "type": "Feature", "properties": { "osm_id": 708721356, "osm_type": "way", "name": "Poskesdes Puyun", "amenity": "clinic", "healthcare": null, "snap_dist_m": 17.387572174014736, "snap_lon": 115.6619235, "snap_lat": -2.1926639 }, "geometry": { "type": "Point", "coordinates": [ 115.662005196333752, -2.192530531653853 ] } },
{ "type": "Feature", "properties": { "osm_id": 708731690, "osm_type": "way", "name": "Puskesmas Pirsus", "amenity": "clinic", "healthcare": null, "snap_dist_m": 27.899081726973062, "snap_lon": 115.5920673, "snap_lat": -2.2245111 }, "geometry": { "type": "Point", "coordinates": [ 115.591824550587035, -2.22444696303155 ] } },
{ "type": "Feature", "properties": { "osm_id": 708740693, "osm_type": "way", "name": "Poskesdes Murung Jambu", "amenity": "clinic", "healthcare": null, "snap_dist_m": 24.609856164555197, "snap_lon": 115.4201907, "snap_lat": -2.3346243 }, "geometry": { "type": "Point", "coordinates": [ 115.420147621818884, -2.334407204011892 ] } },
{ "type": "Feature", "properties": { "osm_id": 709142406, "osm_type": "way", "name": "Bidan Halimah", "amenity": "doctors", "healthcare": "doctor", "snap_dist_m": 7.929091840292867, "snap_lon": 114.6209675, "snap_lat": -3.6142056 }, "geometry": { "type": "Point", "coordinates": [ 114.621038612419696, -3.614212524965559 ] } },
{ "type": "Feature", "properties": { "osm_id": 709674119, "osm_type": "way", "name": "Klinik Spesialis Garuda Estetika", "amenity": "doctors", "healthcare": "doctor", "snap_dist_m": 50.877687682060326, "snap_lon": 114.5968987, "snap_lat": -3.3204433 }, "geometry": { "type": "Point", "coordinates": [ 114.596861012440982, -3.319987295493677 ] } },
{ "type": "Feature", "properties": { "osm_id": 380764304, "osm_type": "way", "name": "Puskesmas Amuntai Selatan", "amenity": "clinic", "healthcare": null, "snap_dist_m": 32.485134771632779, "snap_lon": 115.2132791, "snap_lat": -2.4155478 }, "geometry": { "type": "Point", "coordinates": [ 115.213519103794937, -2.415380917760972 ] } },
{ "type": "Feature", "properties": { "osm_id": 221735759, "osm_type": "way", "name": "Rumah Sakit Umum Daerah Ulin", "amenity": "hospital", "healthcare": "hospital", "snap_dist_m": 136.66778511407483, "snap_lon": 114.6013652, "snap_lat": -3.3210766 }, "geometry": { "type": "Point", "coordinates": [ 114.600899110727667, -3.322214200512182 ] } },
{ "type": "Feature", "properties": { "osm_id": 223622644, "osm_type": "way", "name": "Puskesmas Kuin Raya", "amenity": "clinic", "healthcare": "clinic", "snap_dist_m": 48.056316635248194, "snap_lon": 114.569457, "snap_lat": -3.2951707 }, "geometry": { "type": "Point", "coordinates": [ 114.56970726893384, -3.294818063279917 ] } },
{ "type": "Feature", "properties": { "osm_id": 919233322, "osm_type": "way", "name": "Klinik", "amenity": "clinic", "healthcare": null, "snap_dist_m": 22.10772888022683, "snap_lon": 114.9376858, "snap_lat": -2.8794592 }, "geometry": { "type": "Point", "coordinates": [ 114.937544549999359, -2.879319100000466 ] } },
{ "type": "Feature", "properties": { "osm_id": 919710467, "osm_type": "way", "name": "Poskesdes", "amenity": "hospital", "healthcare": null, "snap_dist_m": 14.437116009353462, "snap_lon": 115.1100777, "snap_lat": -2.9419431 }, "geometry": { "type": "Point", "coordinates": [ 115.110119151029991, -2.941820040048419 ] } },
{ "type": "Feature", "properties": { "osm_id": 295839224, "osm_type": "way", "name": "Rumah Sakit Umum Sari Mulia", "amenity": "hospital", "healthcare": "hospital", "snap_dist_m": 67.922529732834491, "snap_lon": 114.6052125, "snap_lat": -3.3278488 }, "geometry": { "type": "Point", "coordinates": [ 114.605003214375316, -3.327274800846739 ] } },
{ "type": "Feature", "properties": { "osm_id": 298541245, "osm_type": "way", "name": "Rumah Sakit Jiwa Sambang Lihum", "amenity": "hospital", "healthcare": null, "snap_dist_m": 451.1315656563998, "snap_lon": 114.7015415, "snap_lat": -3.4021067 }, "geometry": { "type": "Point", "coordinates": [ 114.705522858628385, -3.401291320329482 ] } },
{ "type": "Feature", "properties": { "osm_id": 312015598, "osm_type": "way", "name": "Rumah Sakit Danau Salak", "amenity": "hospital", "healthcare": "hospital", "snap_dist_m": 58.811155778573486, "snap_lon": 114.9521364, "snap_lat": -3.3234767 }, "geometry": { "type": "Point", "coordinates": [ 114.952455567772759, -3.323054549577829 ] } },
{ "type": "Feature", "properties": { "osm_id": 312016254, "osm_type": "way", "name": "RSUD Ratu Zalecha", "amenity": "hospital", "healthcare": "hospital", "snap_dist_m": 109.79459699159011, "snap_lon": 114.8468886, "snap_lat": -3.4194616 }, "geometry": { "type": "Point", "coordinates": [ 114.845933582134109, -3.419204389939336 ] } },
{ "type": "Feature", "properties": { "osm_id": 312016255, "osm_type": "way", "name": "RSUD Brigjend. H. Hasan Basry", "amenity": "hospital", "healthcare": "hospital", "snap_dist_m": 177.98548615438108, "snap_lon": 115.2606657, "snap_lat": -2.800907 }, "geometry": { "type": "Point", "coordinates": [ 115.259152921229614, -2.800378717342498 ] } },
{ "type": "Feature", "properties": { "osm_id": 312016256, "osm_type": "way", "name": "RSUD H. Damanhuri", "amenity": "hospital", "healthcare": "hospital", "snap_dist_m": 80.041682443515228, "snap_lon": 115.3754172, "snap_lat": -2.5897407 }, "geometry": { "type": "Point", "coordinates": [ 115.374733363597187, -2.589513806355459 ] } },
{ "type": "Feature", "properties": { "osm_id": 312016257, "osm_type": "way", "name": "RSUD H. Badaruddin", "amenity": "hospital", "healthcare": "hospital", "snap_dist_m": 66.869629880517849, "snap_lon": 115.3862539, "snap_lat": -2.1574459 }, "geometry": { "type": "Point", "coordinates": [ 115.386718631624746, -2.157063826627042 ] } },
{ "type": "Feature", "properties": { "osm_id": 321759662, "osm_type": "way", "name": "Klinik Mandiri", "amenity": "clinic", "healthcare": null, "snap_dist_m": 16.501278109027457, "snap_lon": 115.9962635, "snap_lat": -3.4158546 }, "geometry": { "type": "Point", "coordinates": [ 115.996276849998708, -3.416002399998185 ] } },
{ "type": "Feature", "properties": { "osm_id": 349212950, "osm_type": "way", "name": "Puskesmas Wasah Hulu", "amenity": "clinic", "healthcare": null, "snap_dist_m": 18.86868392673053, "snap_lon": 115.2309769, "snap_lat": -2.7921252 }, "geometry": { "type": "Point", "coordinates": [ 115.230816226391198, -2.792070063835278 ] } },
{ "type": "Feature", "properties": { "osm_id": 354334196, "osm_type": "way", "name": "Puskesmas Babirik", "amenity": "clinic", "healthcare": null, "snap_dist_m": 13.714575415688429, "snap_lon": 115.1377031, "snap_lat": -2.5356886 }, "geometry": { "type": "Point", "coordinates": [ 115.137586399999037, -2.535648349997521 ] } },
{ "type": "Feature", "properties": { "osm_id": 355879410, "osm_type": "way", "name": "Puskesmas Teluk Tiram", "amenity": "clinic", "healthcare": "clinic", "snap_dist_m": 32.332049331401997, "snap_lon": 114.5822699, "snap_lat": -3.3386502 }, "geometry": { "type": "Point", "coordinates": [ 114.58199620624292, -3.338550739196366 ] } },
{ "type": "Feature", "properties": { "osm_id": 891745527, "osm_type": "way", "name": "Poskesdes Hamak", "amenity": "clinic", "healthcare": null, "snap_dist_m": 9.8771797108847963, "snap_lon": 115.3661402, "snap_lat": -2.7481549 }, "geometry": { "type": "Point", "coordinates": [ 115.366182068178162, -2.748076532725268 ] } },
{ "type": "Feature", "properties": { "osm_id": 891745538, "osm_type": "way", "name": "Puskesmas Telaga Langsat", "amenity": "clinic", "healthcare": null, "snap_dist_m": 28.42227250770614, "snap_lon": 115.336208, "snap_lat": -2.735479 }, "geometry": { "type": "Point", "coordinates": [ 115.335962600275636, -2.735551466593217 ] } },
{ "type": "Feature", "properties": { "osm_id": 899719426, "osm_type": "way", "name": "Poskesdes Matang Lurus", "amenity": "clinic", "healthcare": null, "snap_dist_m": 21.974252030148374, "snap_lon": 115.3187026, "snap_lat": -2.4014856 }, "geometry": { "type": "Point", "coordinates": [ 115.318899999998507, -2.401473150000682 ] } },
{ "type": "Feature", "properties": { "osm_id": 900975866, "osm_type": "way", "name": "Puskesmas Pembantu Ambakiang", "amenity": "clinic", "healthcare": null, "snap_dist_m": 34.317580261989377, "snap_lon": 115.5743847, "snap_lat": -2.3961066 }, "geometry": { "type": "Point", "coordinates": [ 115.574458450000279, -2.395806900001223 ] } },
{ "type": "Feature", "properties": { "osm_id": 675947107, "osm_type": "way", "name": "Puskesmas Bantuil", "amenity": "clinic", "healthcare": null, "snap_dist_m": 39.149081973726872, "snap_lon": 114.7734913, "snap_lat": -3.0245981 }, "geometry": { "type": "Point", "coordinates": [ 114.773152768015777, -3.024696450360349 ] } },
{ "type": "Feature", "properties": { "osm_id": 381955247, "osm_type": "way", "name": "Puskesmas Tanah Habang", "amenity": "clinic", "healthcare": null, "snap_dist_m": 34.457157632345329, "snap_lon": 115.3263355, "snap_lat": -2.3898362 }, "geometry": { "type": "Point", "coordinates": [ 115.326619462828475, -2.389960824834756 ] } },
{ "type": "Feature", "properties": { "osm_id": 381966439, "osm_type": "way", "name": "Puskesmas Paringin", "amenity": "clinic", "healthcare": null, "snap_dist_m": 49.790433743355827, "snap_lon": 115.4611773, "snap_lat": -2.3357736 }, "geometry": { "type": "Point", "coordinates": [ 115.461520999975733, -2.336060950009587 ] } },
{ "type": "Feature", "properties": { "osm_id": 382189008, "osm_type": "way", "name": "Puskesmas Banjang", "amenity": "clinic", "healthcare": null, "snap_dist_m": 46.987165670640174, "snap_lon": 115.3156236, "snap_lat": -2.4071907 }, "geometry": { "type": "Point", "coordinates": [ 115.315265349995897, -2.407415300006046 ] } },
{ "type": "Feature", "properties": { "osm_id": 382255150, "osm_type": "way", "name": "Puskesmas Ilung", "amenity": "clinic", "healthcare": null, "snap_dist_m": 18.251291455795901, "snap_lon": 115.4089502, "snap_lat": -2.5185754 }, "geometry": { "type": "Point", "coordinates": [ 115.408872747825015, -2.518720154844163 ] } },
{ "type": "Feature", "properties": { "osm_id": 382358060, "osm_type": "way", "name": "Puskesmas Barabai", "amenity": "clinic", "healthcare": "clinic", "snap_dist_m": 21.735470755894198, "snap_lon": 115.3881391, "snap_lat": -2.5864348 }, "geometry": { "type": "Point", "coordinates": [ 115.388019254633917, -2.586589317174397 ] } },
{ "type": "Feature", "properties": { "osm_id": 382382665, "osm_type": "way", "name": "Poskesdes Tayur", "amenity": "clinic", "healthcare": null, "snap_dist_m": 17.477463171351857, "snap_lon": 115.3106144, "snap_lat": -2.3535369 }, "geometry": { "type": "Point", "coordinates": [ 115.310508102416335, -2.353421033739093 ] } },
{ "type": "Feature", "properties": { "osm_id": 382382733, "osm_type": "way", "name": "Puskesmas Pembantu Banua Hanyar", "amenity": "clinic", "healthcare": null, "snap_dist_m": 14.644857999610235, "snap_lon": 115.3411748, "snap_lat": -2.5972345 }, "geometry": { "type": "Point", "coordinates": [ 115.341193134571895, -2.597364924596699 ] } },
{ "type": "Feature", "properties": { "osm_id": 382399970, "osm_type": "way", "name": "Puskesmas Batu Mandi", "amenity": "clinic", "healthcare": null, "snap_dist_m": 23.862744936471199, "snap_lon": 115.42421, "snap_lat": -2.4277042 }, "geometry": { "type": "Point", "coordinates": [ 115.424113864443484, -2.427512291410029 ] } },
{ "type": "Feature", "properties": { "osm_id": 382399971, "osm_type": "way", "name": "Puskesmas Paringin Selatan", "amenity": "clinic", "healthcare": null, "snap_dist_m": 41.529386540177789, "snap_lon": 115.4757538, "snap_lat": -2.3514789 }, "geometry": { "type": "Point", "coordinates": [ 115.475412327737203, -2.351326971282541 ] } },
{ "type": "Feature", "properties": { "osm_id": 386208436, "osm_type": "way", "name": "RS Pertamina Tanjung", "amenity": "hospital", "healthcare": "hospital", "snap_dist_m": 81.333483252589573, "snap_lon": 115.4023281, "snap_lat": -2.1438762 }, "geometry": { "type": "Point", "coordinates": [ 115.402126294907475, -2.144579300430201 ] } },
{ "type": "Feature", "properties": { "osm_id": 386215992, "osm_type": "way", "name": "PUSKESMAS MURUNG PUDAK", "amenity": "hospital", "healthcare": "hospital", "snap_dist_m": 19.75733092207297, "snap_lon": 115.3932398, "snap_lat": -2.1449107 }, "geometry": { "type": "Point", "coordinates": [ 115.393071818360369, -2.144852454240342 ] } },
{ "type": "Feature", "properties": { "osm_id": 398997374, "osm_type": "way", "name": "Polindes Mangkupum", "amenity": "clinic", "healthcare": null, "snap_dist_m": 29.658114790642632, "snap_lon": 115.5981465, "snap_lat": -1.9526551 }, "geometry": { "type": "Point", "coordinates": [ 115.59789559999939, -1.952564200000267 ] } },
{ "type": "Feature", "properties": { "osm_id": 248404351, "osm_type": "way", "name": "RSUD Balangan", "amenity": "hospital", "healthcare": "hospital", "snap_dist_m": 96.46860354090326, "snap_lon": 115.4760731, "snap_lat": -2.3311126 }, "geometry": { "type": "Point", "coordinates": [ 115.476691328819271, -2.330503427745181 ] } },
{ "type": "Feature", "properties": { "osm_id": 266382389, "osm_type": "way", "name": "Puskesmas Pelaihari", "amenity": "clinic", "healthcare": "clinic", "snap_dist_m": 48.930633120656807, "snap_lon": 114.7601617, "snap_lat": -3.8075734 }, "geometry": { "type": "Point", "coordinates": [ 114.760117610573573, -3.807135560759776 ] } },
{ "type": "Feature", "properties": { "osm_id": 286407314, "osm_type": "way", "name": "Puskesmas Cempaka Putih", "amenity": null, "healthcare": "clinic", "snap_dist_m": 20.385272242227465, "snap_lon": 114.606857, "snap_lat": -3.3221029 }, "geometry": { "type": "Point", "coordinates": [ 114.606736270296935, -3.322241040752426 ] } },
{ "type": "Feature", "properties": { "osm_id": 295625982, "osm_type": "way", "name": "Rumah Sakit Bhayangkara Banjarmasin", "amenity": "hospital", "healthcare": "hospital", "snap_dist_m": 53.850997376443445, "snap_lon": 114.6106333, "snap_lat": -3.3286028 }, "geometry": { "type": "Point", "coordinates": [ 114.611054025482034, -3.328843895829737 ] } },
{ "type": "Feature", "properties": { "osm_id": 400611322, "osm_type": "way", "name": "Puskesmas Bintang Ara", "amenity": "clinic", "healthcare": null, "snap_dist_m": 16.932780277114897, "snap_lon": 115.444882, "snap_lat": -1.9710434 }, "geometry": { "type": "Point", "coordinates": [ 115.444742096843044, -1.970983071691855 ] } },
{ "type": "Feature", "properties": { "osm_id": 400611323, "osm_type": "way", "name": "Puskesmas Haruai", "amenity": "clinic", "healthcare": "clinic", "snap_dist_m": 16.911750550431506, "snap_lon": 115.5098087, "snap_lat": -2.0158387 }, "geometry": { "type": "Point", "coordinates": [ 115.50969453737406, -2.015738128131522 ] } },
{ "type": "Feature", "properties": { "osm_id": 400611324, "osm_type": "way", "name": "Puskesmas Muara Uya", "amenity": "clinic", "healthcare": null, "snap_dist_m": 77.670057155874531, "snap_lon": 115.5993555, "snap_lat": -1.8860631 }, "geometry": { "type": "Point", "coordinates": [ 115.599345060259495, -1.886761525670047 ] } },
{ "type": "Feature", "properties": { "osm_id": 402820764, "osm_type": "way", "name": "Polindes Bilas", "amenity": "clinic", "healthcare": null, "snap_dist_m": 19.401064867298984, "snap_lon": 115.5542676, "snap_lat": -2.1068836 }, "geometry": { "type": "Point", "coordinates": [ 115.554333666233489, -2.107045104532103 ] } },
{ "type": "Feature", "properties": { "osm_id": 402820765, "osm_type": "way", "name": "Puskesmas Pembantu Masingai", "amenity": "clinic", "healthcare": null, "snap_dist_m": 34.61110034596669, "snap_lon": 115.5506367, "snap_lat": -2.108151 }, "geometry": { "type": "Point", "coordinates": [ 115.550939033049843, -2.108076137613724 ] } },
{ "type": "Feature", "properties": { "osm_id": 403804696, "osm_type": "way", "name": "Poskesdes Pihaung", "amenity": "clinic", "healthcare": null, "snap_dist_m": 16.266917170170473, "snap_lon": 115.249885, "snap_lat": -2.3793832 }, "geometry": { "type": "Point", "coordinates": [ 115.249741599998544, -2.37935365000006 ] } },
{ "type": "Feature", "properties": { "osm_id": 403804697, "osm_type": "way", "name": "Poskesdes Sungai Binuang", "amenity": "clinic", "healthcare": null, "snap_dist_m": 20.531788494116402, "snap_lon": 115.2591517, "snap_lat": -2.3654387 }, "geometry": { "type": "Point", "coordinates": [ 115.259299840724651, -2.365549090920917 ] } },
{ "type": "Feature", "properties": { "osm_id": 403865325, "osm_type": "way", "name": "Puskesmas Haur Gading", "amenity": "clinic", "healthcare": null, "snap_dist_m": 18.985079437346215, "snap_lon": 115.2488676, "snap_lat": -2.3799608 }, "geometry": { "type": "Point", "coordinates": [ 115.248702870591572, -2.379915389527246 ] } },
{ "type": "Feature", "properties": { "osm_id": 403865326, "osm_type": "way", "name": "Puskesmas Pembantu Palimbang Gusti", "amenity": "clinic", "healthcare": null, "snap_dist_m": 20.656149034618348, "snap_lon": 115.2378546, "snap_lat": -2.3997613 }, "geometry": { "type": "Point", "coordinates": [ 115.238014675732899, -2.399666804515207 ] } },
{ "type": "Feature", "properties": { "osm_id": 403865327, "osm_type": "way", "name": "Puskesmas Pembantu Waringin", "amenity": "clinic", "healthcare": null, "snap_dist_m": 19.613890901748043, "snap_lon": 115.2464363, "snap_lat": -2.3672012 }, "geometry": { "type": "Point", "coordinates": [ 115.246307619157704, -2.367321962637075 ] } },
{ "type": "Feature", "properties": { "osm_id": 406438507, "osm_type": "way", "name": "Puskesmas Batu Tangga", "amenity": "clinic", "healthcare": null, "snap_dist_m": 39.837170847173489, "snap_lon": 115.531886, "snap_lat": -2.5269129 }, "geometry": { "type": "Point", "coordinates": [ 115.531902250102362, -2.527270796277112 ] } },
{ "type": "Feature", "properties": { "osm_id": 410547765, "osm_type": "way", "name": "Poskesdes Ulin", "amenity": "clinic", "healthcare": null, "snap_dist_m": 31.98260430243468, "snap_lon": 115.2218091, "snap_lat": -2.791359 }, "geometry": { "type": "Point", "coordinates": [ 115.221974499999462, -2.791123550001668 ] } },
{ "type": "Feature", "properties": { "osm_id": 380764316, "osm_type": "way", "name": "Puskesmas Pembantu Jumba", "amenity": "clinic", "healthcare": null, "snap_dist_m": 19.582424638351721, "snap_lon": 115.2357087, "snap_lat": -2.421975 }, "geometry": { "type": "Point", "coordinates": [ 115.235714899998072, -2.421799 ] } },
{ "type": "Feature", "properties": { "osm_id": 380764359, "osm_type": "way", "name": "Puskesmas Pembantu Simpang Empat", "amenity": "clinic", "healthcare": null, "snap_dist_m": 37.534701714004719, "snap_lon": 115.2182638, "snap_lat": -2.4455532 }, "geometry": { "type": "Point", "coordinates": [ 115.217931100002005, -2.445612000001366 ] } },
{ "type": "Feature", "properties": { "osm_id": 381955191, "osm_type": "way", "name": "Puskesmas Sungai Karias", "amenity": "clinic", "healthcare": null, "snap_dist_m": 19.07693213018543, "snap_lon": 115.2639668, "snap_lat": -2.4205433 }, "geometry": { "type": "Point", "coordinates": [ 115.264124889036694, -2.420610279770977 ] } },
{ "type": "Feature", "properties": { "osm_id": 381955234, "osm_type": "way", "name": "Puskesmas Lampihong", "amenity": "clinic", "healthcare": null, "snap_dist_m": 57.476398633928156, "snap_lon": 115.3756303, "snap_lat": -2.34103 }, "geometry": { "type": "Point", "coordinates": [ 115.375466881010709, -2.34152043042772 ] } },
{ "type": "Feature", "properties": { "osm_id": 421921308, "osm_type": "way", "name": "Puskesmas Beruntung Raya", "amenity": "clinic", "healthcare": "clinic", "snap_dist_m": 26.108879049993263, "snap_lon": 114.6006611, "snap_lat": -3.3580518 }, "geometry": { "type": "Point", "coordinates": [ 114.600506149999163, -3.357875150001263 ] } },
{ "type": "Feature", "properties": { "osm_id": 421921309, "osm_type": "way", "name": "Puskesmas Pembantu Basirih Selatan", "amenity": "clinic", "healthcare": "clinic", "snap_dist_m": 19.970524910358158, "snap_lon": 114.5737948, "snap_lat": -3.3422342 }, "geometry": { "type": "Point", "coordinates": [ 114.573931549998434, -3.342350900000162 ] } },
{ "type": "Feature", "properties": { "osm_id": 421943898, "osm_type": "way", "name": "Poskesdes Barunai Baru", "amenity": "clinic", "healthcare": "clinic", "snap_dist_m": 16.298696203392829, "snap_lon": 114.506581, "snap_lat": -3.154746 }, "geometry": { "type": "Point", "coordinates": [ 114.506439989068539, -3.154705242683701 ] } },
{ "type": "Feature", "properties": { "osm_id": 421943899, "osm_type": "way", "name": "Puskesmas Anjir Muara", "amenity": "clinic", "healthcare": null, "snap_dist_m": 65.410627715150881, "snap_lon": 114.5453401, "snap_lat": -3.1979799 }, "geometry": { "type": "Point", "coordinates": [ 114.545737934828693, -3.19754601032397 ] } },
{ "type": "Feature", "properties": { "osm_id": 421943900, "osm_type": "way", "name": "Puskesmas Berangas", "amenity": "clinic", "healthcare": "clinic", "snap_dist_m": 30.972286372419816, "snap_lon": 114.5653009, "snap_lat": -3.2517751 }, "geometry": { "type": "Point", "coordinates": [ 114.565104677421616, -3.251973103495843 ] } },
{ "type": "Feature", "properties": { "osm_id": 423266899, "osm_type": "way", "name": "Puskesmas Pembantu Sungai Durait Tengah", "amenity": "clinic", "healthcare": null, "snap_dist_m": 21.264204835896969, "snap_lon": 115.1643723, "snap_lat": -2.5344413 }, "geometry": { "type": "Point", "coordinates": [ 115.164277871467917, -2.534274954058224 ] } },
{ "type": "Feature", "properties": { "osm_id": 423293320, "osm_type": "way", "name": "Puskesmas Pembantu Baruh Jaya", "amenity": "clinic", "healthcare": null, "snap_dist_m": 7.8466799264603688, "snap_lon": 115.0786531, "snap_lat": -2.6282935 }, "geometry": { "type": "Point", "coordinates": [ 115.078678099998299, -2.628227500000206 ] } },
{ "type": "Feature", "properties": { "osm_id": 423293322, "osm_type": "way", "name": "Puskesmas Pembantu Sungai Pinang", "amenity": "clinic", "healthcare": null, "snap_dist_m": 15.391107857464679, "snap_lon": 115.0992496, "snap_lat": -2.6353391 }, "geometry": { "type": "Point", "coordinates": [ 115.099233042977374, -2.635201676161787 ] } },
{ "type": "Feature", "properties": { "osm_id": 479991641, "osm_type": "way", "name": "Poskesdes Kapul", "amenity": "clinic", "healthcare": null, "snap_dist_m": 8.2064268516586587, "snap_lon": 115.6600445, "snap_lat": -2.2576639 }, "geometry": { "type": "Point", "coordinates": [ 115.66003149999915, -2.257591250000059 ] } },
{ "type": "Feature", "properties": { "osm_id": 479991671, "osm_type": "way", "name": "Puskesmas Uren", "amenity": "clinic", "healthcare": null, "snap_dist_m": 41.89811604368245, "snap_lon": 115.7205034, "snap_lat": -2.3407675 }, "geometry": { "type": "Point", "coordinates": [ 115.720132494626299, -2.340835588468472 ] } },
{ "type": "Feature", "properties": { "osm_id": 483872288, "osm_type": "way", "name": "Puskesmas Pasar Sabtu", "amenity": "clinic", "healthcare": null, "snap_dist_m": 39.428167976140138, "snap_lon": 115.1832175, "snap_lat": -2.4350316 }, "geometry": { "type": "Point", "coordinates": [ 115.182916371281863, -2.434843939610401 ] } },
{ "type": "Feature", "properties": { "osm_id": 551294769, "osm_type": "way", "name": "RSUD Dr. H. Moch. Ansari Saleh", "amenity": "hospital", "healthcare": "hospital", "snap_dist_m": 114.0236199938271, "snap_lon": 114.5877379, "snap_lat": -3.2792085 }, "geometry": { "type": "Point", "coordinates": [ 114.58787294538638, -3.278191962915402 ] } },
{ "type": "Feature", "properties": { "osm_id": 399569345, "osm_type": "way", "name": "Puskesmas Muara Harus", "amenity": "clinic", "healthcare": null, "snap_dist_m": 43.781440325462874, "snap_lon": 115.3238126, "snap_lat": -2.2483404 }, "geometry": { "type": "Point", "coordinates": [ 115.323585674020379, -2.248662287970845 ] } },
{ "type": "Feature", "properties": { "osm_id": 399569346, "osm_type": "way", "name": "Puskesmas Pembantu Padangin", "amenity": "clinic", "healthcare": null, "snap_dist_m": 55.256152468912184, "snap_lon": 115.3462422, "snap_lat": -2.2356518 }, "geometry": { "type": "Point", "coordinates": [ 115.3457962322898, -2.235431901461342 ] } },
{ "type": "Feature", "properties": { "osm_id": 399569347, "osm_type": "way", "name": "Puskesmas Upau", "amenity": "clinic", "healthcare": null, "snap_dist_m": 31.239077531100452, "snap_lon": 115.6168628, "snap_lat": -2.0748861 }, "geometry": { "type": "Point", "coordinates": [ 115.616748514102113, -2.074629423142328 ] } },
{ "type": "Feature", "properties": { "osm_id": 400611321, "osm_type": "way", "name": "Poskesdes Hayup", "amenity": "clinic", "healthcare": null, "snap_dist_m": 28.573132096795991, "snap_lon": 115.5242845, "snap_lat": -1.9794412 }, "geometry": { "type": "Point", "coordinates": [ 115.524057793076508, -1.979319973089957 ] } },
{ "type": "Feature", "properties": { "osm_id": 561948384, "osm_type": "way", "name": "Klinik Pratama Banjarbaru", "amenity": "clinic", "healthcare": null, "snap_dist_m": 39.401302894449742, "snap_lon": 114.8270791, "snap_lat": -3.4427864 }, "geometry": { "type": "Point", "coordinates": [ 114.827181596204682, -3.442447147314871 ] } },
{ "type": "Feature", "properties": { "osm_id": 561960966, "osm_type": "way", "name": "Puskesmas Aranio", "amenity": "clinic", "healthcare": null, "snap_dist_m": 23.249653796817491, "snap_lon": 114.9993736, "snap_lat": -3.5130904 }, "geometry": { "type": "Point", "coordinates": [ 114.999509849303408, -3.512931579016023 ] } },
{ "type": "Feature", "properties": { "osm_id": 564560566, "osm_type": "way", "name": "Polindes", "amenity": "clinic", "healthcare": null, "snap_dist_m": 16.15812077892566, "snap_lon": 114.6301058, "snap_lat": -3.9630569 }, "geometry": { "type": "Point", "coordinates": [ 114.629960699999316, -3.963069650000729 ] } },
{ "type": "Feature", "properties": { "osm_id": 564567573, "osm_type": "way", "name": "POSYANDU", "amenity": "clinic", "healthcare": null, "snap_dist_m": 60.883283892047345, "snap_lon": 114.6146108, "snap_lat": -3.7620007 }, "geometry": { "type": "Point", "coordinates": [ 114.614902308932969, -3.76246458000461 ] } },
{ "type": "Feature", "properties": { "osm_id": 564567602, "osm_type": "way", "name": "PUSTU BIDAN DESA TABANIO", "amenity": "clinic", "healthcare": null, "snap_dist_m": 20.824948781926786, "snap_lon": 114.6146108, "snap_lat": -3.7620007 }, "geometry": { "type": "Point", "coordinates": [ 114.614648452187836, -3.761817224016736 ] } },
{ "type": "Feature", "properties": { "osm_id": 564593974, "osm_type": "way", "name": "PUSTU", "amenity": "clinic", "healthcare": null, "snap_dist_m": 55.533405014902385, "snap_lon": 114.6187011, "snap_lat": -3.7597046 }, "geometry": { "type": "Point", "coordinates": [ 114.618788913144641, -3.760196276980658 ] } },
{ "type": "Feature", "properties": { "osm_id": 564610733, "osm_type": "way", "name": "UGD Puskesmas Kintap", "amenity": "clinic", "healthcare": "clinic", "snap_dist_m": 28.285224768422029, "snap_lon": 115.2069819, "snap_lat": -3.8646881 }, "geometry": { "type": "Point", "coordinates": [ 115.207221949996253, -3.864773800004784 ] } },
{ "type": "Feature", "properties": { "osm_id": 564870654, "osm_type": "way", "name": "Puskesmas Kintap", "amenity": "clinic", "healthcare": "clinic", "snap_dist_m": 14.059452700916845, "snap_lon": 115.2077982, "snap_lat": -3.8645059 }, "geometry": { "type": "Point", "coordinates": [ 115.2077463, -3.864621249999815 ] } },
{ "type": "Feature", "properties": { "osm_id": 565210264, "osm_type": "way", "name": "Pustu Takisung", "amenity": "clinic", "healthcare": null, "snap_dist_m": 43.69206840146083, "snap_lon": 114.6102429, "snap_lat": -3.870323 }, "geometry": { "type": "Point", "coordinates": [ 114.61043249999986, -3.870667399998302 ] } },
{ "type": "Feature", "properties": { "osm_id": 573336775, "osm_type": "way", "name": "Peskesmas Pembantu", "amenity": "clinic", "healthcare": null, "snap_dist_m": 1479.820274668017, "snap_lon": 114.7454932, "snap_lat": -3.7903798 }, "geometry": { "type": "Point", "coordinates": [ 114.733184686619097, -3.785254015086379 ] } },
{ "type": "Feature", "properties": { "osm_id": 573336949, "osm_type": "way", "name": "Poskesdes Karang Taruna", "amenity": "clinic", "healthcare": null, "snap_dist_m": 30.993874241565891, "snap_lon": 114.7349144, "snap_lat": -3.8057702 }, "geometry": { "type": "Point", "coordinates": [ 114.735052954384628, -3.806012233560164 ] } },
{ "type": "Feature", "properties": { "osm_id": 573461883, "osm_type": "way", "name": "Posyandu Desa Bajuin", "amenity": "clinic", "healthcare": null, "snap_dist_m": 18.905156473544785, "snap_lon": 114.819396, "snap_lat": -3.7782186 }, "geometry": { "type": "Point", "coordinates": [ 114.819507669417703, -3.778347014418223 ] } },
{ "type": "Feature", "properties": { "osm_id": 410547766, "osm_type": "way", "name": "Puskesmas Pembantu Hantarukung", "amenity": "clinic", "healthcare": null, "snap_dist_m": 13.464833510966193, "snap_lon": 115.2107128, "snap_lat": -2.7974024 }, "geometry": { "type": "Point", "coordinates": [ 115.21078579642159, -2.797499082599958 ] } },
{ "type": "Feature", "properties": { "osm_id": 416519170, "osm_type": "way", "name": "Puskesmas Wildan", "amenity": "clinic", "healthcare": "clinic", "snap_dist_m": 26.51875584987922, "snap_lon": 114.5726884, "snap_lat": -3.3261387 }, "geometry": { "type": "Point", "coordinates": [ 114.572815950000404, -3.326340349999457 ] } },
{ "type": "Feature", "properties": { "osm_id": 416519203, "osm_type": "way", "name": "Puskesmas Banjarmasin Indah", "amenity": "clinic", "healthcare": "clinic", "snap_dist_m": 39.93453353550543, "snap_lon": 114.5647749, "snap_lat": -3.3311979 }, "geometry": { "type": "Point", "coordinates": [ 114.564633989719695, -3.330867456679075 ] } },
{ "type": "Feature", "properties": { "osm_id": 416532856, "osm_type": "way", "name": "RSUD Sultan Suriansyah Banjarmasin", "amenity": "hospital", "healthcare": "hospital", "snap_dist_m": 79.065344069170081, "snap_lon": 114.5854712, "snap_lat": -3.3335947 }, "geometry": { "type": "Point", "coordinates": [ 114.585100461661312, -3.3329875654949 ] } },
{ "type": "Feature", "properties": { "osm_id": 574790871, "osm_type": "way", "name": "POLINDES", "amenity": "clinic", "healthcare": null, "snap_dist_m": 9.4597038645928908, "snap_lon": 114.8308115, "snap_lat": -3.803106 }, "geometry": { "type": "Point", "coordinates": [ 114.83072653381862, -3.80311306761268 ] } },
{ "type": "Feature", "properties": { "osm_id": 574802704, "osm_type": "way", "name": "Polindes", "amenity": "clinic", "healthcare": null, "snap_dist_m": 25.575283312796998, "snap_lon": 114.8314244, "snap_lat": -3.7726892 }, "geometry": { "type": "Point", "coordinates": [ 114.831216749999385, -3.772789049999795 ] } },
{ "type": "Feature", "properties": { "osm_id": 575115744, "osm_type": "way", "name": "Poskesdes Belandean Dalam", "amenity": "clinic", "healthcare": null, "snap_dist_m": 55.005808735147042, "snap_lon": 114.5907464, "snap_lat": -3.1914833 }, "geometry": { "type": "Point", "coordinates": [ 114.591122600001171, -3.191161400000997 ] } },
{ "type": "Feature", "properties": { "osm_id": 575491384, "osm_type": "way", "name": "Klinik Umum", "amenity": "doctors", "healthcare": null, "snap_dist_m": 39.10897082781787, "snap_lon": 114.7283618, "snap_lat": -3.8215334 }, "geometry": { "type": "Point", "coordinates": [ 114.728597880463724, -3.821272215559101 ] } },
{ "type": "Feature", "properties": { "osm_id": 575630717, "osm_type": "way", "name": "PUSTU Desa Bajuin", "amenity": "clinic", "healthcare": null, "snap_dist_m": 13.960540063077003, "snap_lon": 114.8269251, "snap_lat": -3.7744812 }, "geometry": { "type": "Point", "coordinates": [ 114.826915501606194, -3.774606384308259 ] } },
{ "type": "Feature", "properties": { "osm_id": 575646871, "osm_type": "way", "name": "Puskesmas Basirih Baru", "amenity": null, "healthcare": "clinic", "snap_dist_m": 18.90830979559016, "snap_lon": 114.5697849, "snap_lat": -3.3325445 }, "geometry": { "type": "Point", "coordinates": [ 114.569614685441323, -3.332538118197127 ] } },
{ "type": "Feature", "properties": { "osm_id": 575649755, "osm_type": "way", "name": "Puskesmas Mandastana", "amenity": "clinic", "healthcare": null, "snap_dist_m": 32.387004445151739, "snap_lon": 114.6604744, "snap_lat": -3.1809538 }, "geometry": { "type": "Point", "coordinates": [ 114.660450967565822, -3.181244122128626 ] } },
{ "type": "Feature", "properties": { "osm_id": 575743798, "osm_type": "way", "name": "Puskesmas Sungai Riam", "amenity": "clinic", "healthcare": null, "snap_dist_m": 40.049256450782352, "snap_lon": 114.7286394, "snap_lat": -3.9006409 }, "geometry": { "type": "Point", "coordinates": [ 114.728976103426405, -3.900510980773398 ] } },
{ "type": "Feature", "properties": { "osm_id": 575769889, "osm_type": "way", "name": "Puskesdes Bahandang", "amenity": "clinic", "healthcare": null, "snap_dist_m": 24.574783439301111, "snap_lon": 114.7361026, "snap_lat": -3.2069859 }, "geometry": { "type": "Point", "coordinates": [ 114.735884500000012, -3.207023650001043 ] } },
{ "type": "Feature", "properties": { "osm_id": 575779983, "osm_type": "way", "name": "Posyandu RW 2", "amenity": "clinic", "healthcare": null, "snap_dist_m": 10.867824056878206, "snap_lon": 114.7012112, "snap_lat": -3.6155694 }, "geometry": { "type": "Point", "coordinates": [ 114.70122872017771, -3.615473240109297 ] } },
{ "type": "Feature", "properties": { "osm_id": 575817499, "osm_type": "way", "name": "Puskesdes", "amenity": "clinic", "healthcare": null, "snap_dist_m": 15.512408106721653, "snap_lon": 114.7008574, "snap_lat": -3.6155483 }, "geometry": { "type": "Point", "coordinates": [ 114.70084550000152, -3.615687299997709 ] } },
{ "type": "Feature", "properties": { "osm_id": 576129607, "osm_type": "way", "name": "Polindes Dea Rahayu", "amenity": "clinic", "healthcare": null, "snap_dist_m": 19.653755418797573, "snap_lon": 114.9112944, "snap_lat": -3.897041 }, "geometry": { "type": "Point", "coordinates": [ 114.911120849995527, -3.897076500001642 ] } },
{ "type": "Feature", "properties": { "osm_id": 576354647, "osm_type": "way", "name": "Puskesmas Pembantu Desa Tanjung", "amenity": "clinic", "healthcare": null, "snap_dist_m": 19.27582965216796, "snap_lon": 114.9237889, "snap_lat": -3.6750877 }, "geometry": { "type": "Point", "coordinates": [ 114.923936749999982, -3.674996699999885 ] } },
{ "type": "Feature", "properties": { "osm_id": 551442390, "osm_type": "way", "name": "Puskesmas Alalak Tengah", "amenity": "clinic", "healthcare": null, "snap_dist_m": 20.576726855074842, "snap_lon": 114.5757962, "snap_lat": -3.2794798 }, "geometry": { "type": "Point", "coordinates": [ 114.575893419496481, -3.279637353662137 ] } },
{ "type": "Feature", "properties": { "osm_id": 556931248, "osm_type": "way", "name": "Pustu Pegatan Besar", "amenity": "clinic", "healthcare": null, "snap_dist_m": 63.681644176319594, "snap_lon": 114.6058746, "snap_lat": -3.8097578 }, "geometry": { "type": "Point", "coordinates": [ 114.606030283349483, -3.809206566690309 ] } },
{ "type": "Feature", "properties": { "osm_id": 556935978, "osm_type": "way", "name": "Polindes Pegatan Besar", "amenity": "clinic", "healthcare": null, "snap_dist_m": 26.849803563602347, "snap_lon": 114.6050386, "snap_lat": -3.8034676 }, "geometry": { "type": "Point", "coordinates": [ 114.60487721487867, -3.803647531439504 ] } },
{ "type": "Feature", "properties": { "osm_id": 577770265, "osm_type": "way", "name": "Puskesmas Gadang Hanyar", "amenity": "clinic", "healthcare": "clinic", "snap_dist_m": 15.466674859924103, "snap_lon": 114.6020351, "snap_lat": -3.3268061 }, "geometry": { "type": "Point", "coordinates": [ 114.601937593736636, -3.326905457976044 ] } },
{ "type": "Feature", "properties": { "osm_id": 578157633, "osm_type": "way", "name": null, "amenity": "doctors", "healthcare": "midwife", "snap_dist_m": 26.458537785854336, "snap_lon": 114.5819361, "snap_lat": -3.3207096 }, "geometry": { "type": "Point", "coordinates": [ 114.58196587945244, -3.320473517176755 ] } },
{ "type": "Feature", "properties": { "osm_id": 578208841, "osm_type": "way", "name": "Rumah Sakit Khusus Ibu dan Anak Annisa", "amenity": "hospital", "healthcare": "hospital", "snap_dist_m": 18.315107939481067, "snap_lon": 114.5714405, "snap_lat": -3.30707 }, "geometry": { "type": "Point", "coordinates": [ 114.571483421079463, -3.307229040445922 ] } },
{ "type": "Feature", "properties": { "osm_id": 578276551, "osm_type": "way", "name": null, "amenity": "doctors", "healthcare": "doctor", "snap_dist_m": 13.127186959024653, "snap_lon": 114.5843124, "snap_lat": -3.3170713 }, "geometry": { "type": "Point", "coordinates": [ 114.584225671395501, -3.317151552501488 ] } },
{ "type": "Feature", "properties": { "osm_id": 578320860, "osm_type": "way", "name": "Puskesmas Batu Benawa", "amenity": "clinic", "healthcare": "clinic", "snap_dist_m": 28.630415173798834, "snap_lon": 115.4207915, "snap_lat": -2.6233897 }, "geometry": { "type": "Point", "coordinates": [ 115.421034458748082, -2.623475667506761 ] } },
{ "type": "Feature", "properties": { "osm_id": 578365693, "osm_type": "way", "name": "Pustu Handil Suruk", "amenity": "clinic", "healthcare": null, "snap_dist_m": 13.573727444385707, "snap_lon": 114.6148529, "snap_lat": -3.546643 }, "geometry": { "type": "Point", "coordinates": [ 114.614830584196099, -3.546522977698781 ] } },
{ "type": "Feature", "properties": { "osm_id": 578414768, "osm_type": "way", "name": "Klinik Utama Rawat Inap Ibu Dan Anak Mahkota Bunda Gadang", "amenity": "hospital", "healthcare": "hospital", "snap_dist_m": 14.884366222452268, "snap_lon": 114.5956517, "snap_lat": -3.3149284 }, "geometry": { "type": "Point", "coordinates": [ 114.59568146055507, -3.315058919428034 ] } },
{ "type": "Feature", "properties": { "osm_id": 578512055, "osm_type": "way", "name": "Bidan Delima Naniaty", "amenity": null, "healthcare": "midwife", "snap_dist_m": 29.943212615528484, "snap_lon": 114.5731454, "snap_lat": -3.324088 }, "geometry": { "type": "Point", "coordinates": [ 114.573230749998714, -3.324343450000864 ] } },
{ "type": "Feature", "properties": { "osm_id": 578635183, "osm_type": "way", "name": "Puskesmas Sei Mesa", "amenity": "clinic", "healthcare": "clinic", "snap_dist_m": 18.455874545138322, "snap_lon": 114.5976846, "snap_lat": -3.3135019 }, "geometry": { "type": "Point", "coordinates": [ 114.597825250004064, -3.313413400006036 ] } },
{ "type": "Feature", "properties": { "osm_id": 578746502, "osm_type": "way", "name": "Puskesmas Pembantu Berangas Timur", "amenity": "clinic", "healthcare": "clinic", "snap_dist_m": 10.689352160758961, "snap_lon": 114.5766735, "snap_lat": -3.2691706 }, "geometry": { "type": "Point", "coordinates": [ 114.576606250000211, -3.269239400002107 ] } },
{ "type": "Feature", "properties": { "osm_id": 578962710, "osm_type": "way", "name": "apotek rakyat", "amenity": "clinic", "healthcare": "clinic", "snap_dist_m": 21.569783964790883, "snap_lon": 114.5923332, "snap_lat": -3.3232811 }, "geometry": { "type": "Point", "coordinates": [ 114.592373800005262, -3.323091400002196 ] } },
{ "type": "Feature", "properties": { "osm_id": 579138166, "osm_type": "way", "name": "Puskesmas Tandilang", "amenity": "clinic", "healthcare": null, "snap_dist_m": 36.587108987371188, "snap_lon": 115.5421078, "snap_lat": -2.57955 }, "geometry": { "type": "Point", "coordinates": [ 115.541936810989625, -2.579831223272657 ] } },
{ "type": "Feature", "properties": { "osm_id": 579242508, "osm_type": "way", "name": "Puskesmas Lok Batu", "amenity": "clinic", "healthcare": "clinic", "snap_dist_m": 22.047279057860734, "snap_lon": 115.4998695, "snap_lat": -2.4622396 }, "geometry": { "type": "Point", "coordinates": [ 115.499734949999706, -2.462385349999636 ] } },
{ "type": "Feature", "properties": { "osm_id": 573654153, "osm_type": "way", "name": "Puskesdes Sungai Jelai", "amenity": "clinic", "healthcare": null, "snap_dist_m": 16.161554549692152, "snap_lon": 114.7444162, "snap_lat": -3.7086153 }, "geometry": { "type": "Point", "coordinates": [ 114.74451183542881, -3.708505677420518 ] } },
{ "type": "Feature", "properties": { "osm_id": 573812585, "osm_type": "way", "name": "Polindes Berangas Timur", "amenity": "clinic", "healthcare": "clinic", "snap_dist_m": 23.48788237931192, "snap_lon": 114.5760217, "snap_lat": -3.2675183 }, "geometry": { "type": "Point", "coordinates": [ 114.575818099998784, -3.267575750000584 ] } },
{ "type": "Feature", "properties": { "osm_id": 574441332, "osm_type": "way", "name": "POSKES Kodim 1009", "amenity": "hospital", "healthcare": "hospital", "snap_dist_m": 25.019518421628383, "snap_lon": 114.7709681, "snap_lat": -3.7981567 }, "geometry": { "type": "Point", "coordinates": [ 114.770910404132877, -3.798374216586096 ] } },
{ "type": "Feature", "properties": { "osm_id": 579306319, "osm_type": "way", "name": "Polindes Desa Bumi Jaya", "amenity": "clinic", "healthcare": null, "snap_dist_m": 20.557273577919272, "snap_lon": 114.807088, "snap_lat": -3.8202488 }, "geometry": { "type": "Point", "coordinates": [ 114.80692614999839, -3.820338800000581 ] } },
{ "type": "Feature", "properties": { "osm_id": 579324696, "osm_type": "way", "name": "Posyandu", "amenity": "clinic", "healthcare": null, "snap_dist_m": 33.091692128531783, "snap_lon": 114.8034717, "snap_lat": -3.7863304 }, "geometry": { "type": "Point", "coordinates": [ 114.803237049996852, -3.78651410000278 ] } },
{ "type": "Feature", "properties": { "osm_id": 579324969, "osm_type": "way", "name": "Polindes Tirta Jaya", "amenity": "clinic", "healthcare": null, "snap_dist_m": 14.542536911500113, "snap_lon": 114.8063283, "snap_lat": -3.8021813 }, "geometry": { "type": "Point", "coordinates": [ 114.806214168722676, -3.802245610433755 ] } },
{ "type": "Feature", "properties": { "osm_id": 579415747, "osm_type": "way", "name": "PUSTU PABAHANAN", "amenity": "clinic", "healthcare": null, "snap_dist_m": 11.281208742072732, "snap_lon": 114.773495, "snap_lat": -3.7751495 }, "geometry": { "type": "Point", "coordinates": [ 114.773501449998903, -3.775048249999948 ] } },
{ "type": "Feature", "properties": { "osm_id": 579423292, "osm_type": "way", "name": "PUSKESMAS KEL. SARANG HALANG", "amenity": "clinic", "healthcare": null, "snap_dist_m": 15.962512947736361, "snap_lon": 114.7806944, "snap_lat": -3.8170387 }, "geometry": { "type": "Point", "coordinates": [ 114.780764446651887, -3.816913308393812 ] } },
{ "type": "Feature", "properties": { "osm_id": 579533785, "osm_type": "way", "name": "Puskesmas Tajau Pecah", "amenity": "hospital", "healthcare": "hospital", "snap_dist_m": 42.902611059945976, "snap_lon": 114.8232851, "snap_lat": -3.8842849 }, "geometry": { "type": "Point", "coordinates": [ 114.823655063159848, -3.884172552228621 ] } },
{ "type": "Feature", "properties": { "osm_id": 579537864, "osm_type": "way", "name": "Posyandu Desa Gunung Raja", "amenity": "clinic", "healthcare": null, "snap_dist_m": 29.477793857350274, "snap_lon": 114.7036512, "snap_lat": -3.641727 }, "geometry": { "type": "Point", "coordinates": [ 114.703650899999872, -3.641992100000045 ] } },
{ "type": "Feature", "properties": { "osm_id": 579746444, "osm_type": "way", "name": "PUSTU", "amenity": "clinic", "healthcare": null, "snap_dist_m": 46.197210311068638, "snap_lon": 114.7207685, "snap_lat": -3.8219054 }, "geometry": { "type": "Point", "coordinates": [ 114.720446644240297, -3.821641814454011 ] } },
{ "type": "Feature", "properties": { "osm_id": 579868160, "osm_type": "way", "name": "Puskesmas Bati-Bati", "amenity": "clinic", "healthcare": null, "snap_dist_m": 37.109427133206388, "snap_lon": 114.7039109, "snap_lat": -3.5980293 }, "geometry": { "type": "Point", "coordinates": [ 114.704112531774172, -3.598295537738749 ] } },
{ "type": "Feature", "properties": { "osm_id": 579869356, "osm_type": "way", "name": "Klinik Dr. Aulia Rachman", "amenity": "clinic", "healthcare": null, "snap_dist_m": 23.113449277781076, "snap_lon": 114.7042953, "snap_lat": -3.5974866 }, "geometry": { "type": "Point", "coordinates": [ 114.704405587378886, -3.597662929602774 ] } },
{ "type": "Feature", "properties": { "osm_id": 579988288, "osm_type": "way", "name": "Puskesmas Sungai Cuka", "amenity": "clinic", "healthcare": null, "snap_dist_m": 32.79138519785316, "snap_lon": 115.3318401, "snap_lat": -3.8402936 }, "geometry": { "type": "Point", "coordinates": [ 115.331877372235809, -3.840586145773567 ] } },
{ "type": "Feature", "properties": { "osm_id": 580038060, "osm_type": "way", "name": "Posyandu Sungai Cuka", "amenity": "clinic", "healthcare": null, "snap_dist_m": 23.403601419542742, "snap_lon": 115.3446755, "snap_lat": -3.8247027 }, "geometry": { "type": "Point", "coordinates": [ 115.344849249995249, -3.824822049999954 ] } },
{ "type": "Feature", "properties": { "osm_id": 580170791, "osm_type": "way", "name": "Polindes Guntung Besar", "amenity": "clinic", "healthcare": null, "snap_dist_m": 28.583708492935134, "snap_lon": 114.694658, "snap_lat": -3.8112612 }, "geometry": { "type": "Point", "coordinates": [ 114.694400590848929, -3.811250576956521 ] } },
{ "type": "Feature", "properties": { "osm_id": 576513282, "osm_type": "way", "name": "Polindes Batiali", "amenity": "clinic", "healthcare": null, "snap_dist_m": 17.597188461656643, "snap_lon": 114.7008115, "snap_lat": -3.8332285 }, "geometry": { "type": "Point", "coordinates": [ 114.700744525230618, -3.833085045573181 ] } },
{ "type": "Feature", "properties": { "osm_id": 577150893, "osm_type": "way", "name": "Puskesmas Jejangkit", "amenity": "clinic", "healthcare": null, "snap_dist_m": 43.11015977574656, "snap_lon": 114.771019, "snap_lat": -3.1774355 }, "geometry": { "type": "Point", "coordinates": [ 114.770635466648244, -3.177374964163465 ] } },
{ "type": "Feature", "properties": { "osm_id": 577312750, "osm_type": "way", "name": "POLINDES", "amenity": "clinic", "healthcare": null, "snap_dist_m": 41.022225670493206, "snap_lon": 114.777239, "snap_lat": -3.7633548 }, "geometry": { "type": "Point", "coordinates": [ 114.777153199995141, -3.762995950003881 ] } },
{ "type": "Feature", "properties": { "osm_id": 581608499, "osm_type": "way", "name": "Puskesmas Desa Damit", "amenity": "clinic", "healthcare": null, "snap_dist_m": 29.511652559184387, "snap_lon": 114.9189985, "snap_lat": -3.8992374 }, "geometry": { "type": "Point", "coordinates": [ 114.91911090000194, -3.899477950000581 ] } },
{ "type": "Feature", "properties": { "osm_id": 581827563, "osm_type": "way", "name": "Bidan", "amenity": "doctors", "healthcare": null, "snap_dist_m": 15.209052479092078, "snap_lon": 114.7738689, "snap_lat": -3.6366196 }, "geometry": { "type": "Point", "coordinates": [ 114.773733592967915, -3.636641370747848 ] } },
{ "type": "Feature", "properties": { "osm_id": 581864928, "osm_type": "way", "name": "POSYANDU DUSUN I", "amenity": "clinic", "healthcare": null, "snap_dist_m": 32.513894877125189, "snap_lon": 114.8385803, "snap_lat": -3.7027348 }, "geometry": { "type": "Point", "coordinates": [ 114.838744797122317, -3.702976779209089 ] } },
{ "type": "Feature", "properties": { "osm_id": 581864931, "osm_type": "way", "name": "POLINDES DUSUN I", "amenity": "doctors", "healthcare": null, "snap_dist_m": 23.053995300058364, "snap_lon": 114.8385803, "snap_lat": -3.7027348 }, "geometry": { "type": "Point", "coordinates": [ 114.838771822974891, -3.702815158453243 ] } },
{ "type": "Feature", "properties": { "osm_id": 581865932, "osm_type": "way", "name": "Pos Yandu Melati", "amenity": "clinic", "healthcare": null, "snap_dist_m": 54.846466795656042, "snap_lon": 114.8601069, "snap_lat": -3.7101796 }, "geometry": { "type": "Point", "coordinates": [ 114.859613268391286, -3.710154303652592 ] } },
{ "type": "Feature", "properties": { "osm_id": 581866259, "osm_type": "way", "name": "Posyandu Mawar 1", "amenity": "clinic", "healthcare": null, "snap_dist_m": 28.661434716432169, "snap_lon": 114.8633978, "snap_lat": -3.7232807 }, "geometry": { "type": "Point", "coordinates": [ 114.863302917963793, -3.723040960993184 ] } },
{ "type": "Feature", "properties": { "osm_id": 581866486, "osm_type": "way", "name": "Pos Bersalin Desa Tanjung Mawar 1", "amenity": "clinic", "healthcare": null, "snap_dist_m": 34.678276994525156, "snap_lon": 114.8559648, "snap_lat": -3.7269339 }, "geometry": { "type": "Point", "coordinates": [ 114.856136099999006, -3.72719475000058 ] } },
{ "type": "Feature", "properties": { "osm_id": 581866760, "osm_type": "way", "name": "Posyandu Mawar 2", "amenity": "clinic", "healthcare": null, "snap_dist_m": 31.508494621438885, "snap_lon": 114.8530934, "snap_lat": -3.7322657 }, "geometry": { "type": "Point", "coordinates": [ 114.853374500000768, -3.732225550001522 ] } },
{ "type": "Feature", "properties": { "osm_id": 581915840, "osm_type": "way", "name": "Poskesdes Lok Bangkai", "amenity": "clinic", "healthcare": null, "snap_dist_m": 12.366422901398973, "snap_lon": 115.2672645, "snap_lat": -2.4170923 }, "geometry": { "type": "Point", "coordinates": [ 115.267343099999295, -2.417013550000273 ] } },
{ "type": "Feature", "properties": { "osm_id": 581927626, "osm_type": "way", "name": "Puskesmas Pembantu Sekayu Baru", "amenity": "clinic", "healthcare": null, "snap_dist_m": 18313.874857201459, "snap_lon": 116.0242662, "snap_lat": -2.3265824 }, "geometry": { "type": "Point", "coordinates": [ 116.188137091361142, -2.308790640818256 ] } },
{ "type": "Feature", "properties": { "osm_id": 582355184, "osm_type": "way", "name": "Pustu Desa Pamalongan", "amenity": "clinic", "healthcare": null, "snap_dist_m": 20.911737387960756, "snap_lon": 114.8832513, "snap_lat": -3.8256107 }, "geometry": { "type": "Point", "coordinates": [ 114.883341144471032, -3.825445376423324 ] } },
{ "type": "Feature", "properties": { "osm_id": 582367940, "osm_type": "way", "name": "PUSTU DESA BLURU", "amenity": "clinic", "healthcare": null, "snap_dist_m": 48.860743326706448, "snap_lon": 114.8390739, "snap_lat": -3.8634972 }, "geometry": { "type": "Point", "coordinates": [ 114.839259246782703, -3.863895807938131 ] } },
{ "type": "Feature", "properties": { "osm_id": 587470962, "osm_type": "way", "name": "Poskesdes Hilir Mesjid", "amenity": "clinic", "healthcare": null, "snap_dist_m": 55.257168570225723, "snap_lon": 114.5090509, "snap_lat": -3.1589973 }, "geometry": { "type": "Point", "coordinates": [ 114.509502787494384, -3.158789053054595 ] } },
{ "type": "Feature", "properties": { "osm_id": 579282344, "osm_type": "way", "name": "Poskesdes Buntu Pilanduk", "amenity": "clinic", "healthcare": null, "snap_dist_m": 13.46758928730492, "snap_lon": 115.6860915, "snap_lat": -2.3164747 }, "geometry": { "type": "Point", "coordinates": [ 115.686182720082869, -2.316394939085721 ] } },
{ "type": "Feature", "properties": { "osm_id": 579303490, "osm_type": "way", "name": "Puskesmas Pembantu Desa Bumi Jaya", "amenity": "clinic", "healthcare": null, "snap_dist_m": 39.86300170511128, "snap_lon": 114.7989354, "snap_lat": -3.8277256 }, "geometry": { "type": "Point", "coordinates": [ 114.79887681623029, -3.828079299082745 ] } },
{ "type": "Feature", "properties": { "osm_id": 579305905, "osm_type": "way", "name": "Klinik Ibunda", "amenity": "doctors", "healthcare": null, "snap_dist_m": 33.586584105269594, "snap_lon": 114.818311, "snap_lat": -3.7988292 }, "geometry": { "type": "Point", "coordinates": [ 114.818193646315819, -3.798550769374405 ] } },
{ "type": "Feature", "properties": { "osm_id": 654368875, "osm_type": "way", "name": "Pusat Kesehatan Desa (Poskesdes)", "amenity": "clinic", "healthcare": null, "snap_dist_m": 17.287826681661269, "snap_lon": 114.7947586, "snap_lat": -3.7952857 }, "geometry": { "type": "Point", "coordinates": [ 114.794661874931379, -3.795163810073244 ] } },
{ "type": "Feature", "properties": { "osm_id": 654369858, "osm_type": "way", "name": "Posyandu Guntung Besar", "amenity": "clinic", "healthcare": null, "snap_dist_m": 18.109281854211218, "snap_lon": 114.6961766, "snap_lat": -3.8133535 }, "geometry": { "type": "Point", "coordinates": [ 114.696089049999898, -3.813216050002131 ] } },
{ "type": "Feature", "properties": { "osm_id": 654379507, "osm_type": "way", "name": "Posyandu Mawar", "amenity": "clinic", "healthcare": null, "snap_dist_m": 8.1593956719280651, "snap_lon": 114.7111709, "snap_lat": -3.7900288 }, "geometry": { "type": "Point", "coordinates": [ 114.711233775993819, -3.790066857733699 ] } },
{ "type": "Feature", "properties": { "osm_id": 654379514, "osm_type": "way", "name": "Posyandu Bakti Kencana", "amenity": "clinic", "healthcare": null, "snap_dist_m": 50.170912781011978, "snap_lon": 114.7201771, "snap_lat": -3.8210872 }, "geometry": { "type": "Point", "coordinates": [ 114.720379581423984, -3.821490638814023 ] } },
{ "type": "Feature", "properties": { "osm_id": 654381333, "osm_type": "way", "name": "Puskesmas Angsau", "amenity": "clinic", "healthcare": null, "snap_dist_m": 91.359851977136259, "snap_lon": 114.7822586, "snap_lat": -3.7979145 }, "geometry": { "type": "Point", "coordinates": [ 114.782405269139616, -3.798722980155609 ] } },
{ "type": "Feature", "properties": { "osm_id": 654403785, "osm_type": "way", "name": "Puskesmas Tirta Jaya", "amenity": "clinic", "healthcare": null, "snap_dist_m": 48.183992201956073, "snap_lon": 114.818311, "snap_lat": -3.7988292 }, "geometry": { "type": "Point", "coordinates": [ 114.818234722816698, -3.798402607225396 ] } },
{ "type": "Feature", "properties": { "osm_id": 654615282, "osm_type": "way", "name": "Posyandu Anggrek/ Posbindu", "amenity": "clinic", "healthcare": null, "snap_dist_m": 19.656021783232511, "snap_lon": 114.838144, "snap_lat": -3.7703111 }, "geometry": { "type": "Point", "coordinates": [ 114.838058591970963, -3.770156229272428 ] } },
{ "type": "Feature", "properties": { "osm_id": 654617214, "osm_type": "way", "name": "Posyandu Melati", "amenity": "clinic", "healthcare": null, "snap_dist_m": 20.470775415142764, "snap_lon": 114.867085, "snap_lat": -3.8156819 }, "geometry": { "type": "Point", "coordinates": [ 114.867269404736362, -3.815675768329209 ] } },
{ "type": "Feature", "properties": { "osm_id": 654617580, "osm_type": "way", "name": "Polindes", "amenity": "clinic", "healthcare": null, "snap_dist_m": 46.428354903512535, "snap_lon": 114.8797886, "snap_lat": -3.9029369 }, "geometry": { "type": "Point", "coordinates": [ 114.879779900000514, -3.902519450000907 ] } },
{ "type": "Feature", "properties": { "osm_id": 654617693, "osm_type": "way", "name": "POSYANDU TEBING SIRING", "amenity": "clinic", "healthcare": null, "snap_dist_m": 52.617700267126892, "snap_lon": 114.8510983, "snap_lat": -3.6859394 }, "geometry": { "type": "Point", "coordinates": [ 114.85073019999956, -3.686237700000675 ] } },
{ "type": "Feature", "properties": { "osm_id": 654617694, "osm_type": "way", "name": "PUSTU DESA TEBING SIRING", "amenity": "clinic", "healthcare": null, "snap_dist_m": 26.033786796761547, "snap_lon": 114.8513133, "snap_lat": -3.6854888 }, "geometry": { "type": "Point", "coordinates": [ 114.85108158534301, -3.685525485672539 ] } },
{ "type": "Feature", "properties": { "osm_id": 654619191, "osm_type": "way", "name": "Pustu Desa Pulau Sari", "amenity": "clinic", "healthcare": null, "snap_dist_m": 16.167501141517604, "snap_lon": 114.7067357, "snap_lat": -3.6619787 }, "geometry": { "type": "Point", "coordinates": [ 114.706595799999079, -3.661938100001254 ] } },
{ "type": "Feature", "properties": { "osm_id": 654619193, "osm_type": "way", "name": "Polindes Pulau Sari", "amenity": "doctors", "healthcare": null, "snap_dist_m": 50.191249926329384, "snap_lon": 114.6871031, "snap_lat": -3.6681755 }, "geometry": { "type": "Point", "coordinates": [ 114.686991399999968, -3.667738099999987 ] } },
{ "type": "Feature", "properties": { "osm_id": 580558866, "osm_type": "way", "name": "Posyandu Kenangan", "amenity": "clinic", "healthcare": null, "snap_dist_m": 22.896383888116414, "snap_lon": 114.6929908, "snap_lat": -3.7750505 }, "geometry": { "type": "Point", "coordinates": [ 114.693006699999515, -3.774845199999989 ] } },
{ "type": "Feature", "properties": { "osm_id": 580808460, "osm_type": "way", "name": "Polindes Pamalongan", "amenity": "clinic", "healthcare": null, "snap_dist_m": 15.053375919334444, "snap_lon": 114.8801896, "snap_lat": -3.8294524 }, "geometry": { "type": "Point", "coordinates": [ 114.880088136987681, -3.829542280206451 ] } },
{ "type": "Feature", "properties": { "osm_id": 581132919, "osm_type": "way", "name": "Pustu Desa Panjaratan", "amenity": "clinic", "healthcare": null, "snap_dist_m": 19.581512972153419, "snap_lon": 114.6954866, "snap_lat": -3.7798017 }, "geometry": { "type": "Point", "coordinates": [ 114.695393334318226, -3.779951201836111 ] } },
{ "type": "Feature", "properties": { "osm_id": 654640562, "osm_type": "way", "name": "POLINDES DESA BLURU", "amenity": "doctors", "healthcare": null, "snap_dist_m": 50.722729136294305, "snap_lon": 114.8386563, "snap_lat": -3.8647468 }, "geometry": { "type": "Point", "coordinates": [ 114.839061329851091, -3.864535190894095 ] } },
{ "type": "Feature", "properties": { "osm_id": 654640563, "osm_type": "way", "name": "POSYANDU", "amenity": "clinic", "healthcare": null, "snap_dist_m": 39.942062336542911, "snap_lon": 114.8388653, "snap_lat": -3.8641053 }, "geometry": { "type": "Point", "coordinates": [ 114.839144649582352, -3.864331901690255 ] } },
{ "type": "Feature", "properties": { "osm_id": 654645534, "osm_type": "way", "name": "Posyandu Kintapura", "amenity": "clinic", "healthcare": "clinic", "snap_dist_m": 16.576825227124647, "snap_lon": 115.2083578, "snap_lat": -3.859667 }, "geometry": { "type": "Point", "coordinates": [ 115.208222449999738, -3.859603850000281 ] } },
{ "type": "Feature", "properties": { "osm_id": 654649270, "osm_type": "way", "name": "Posyandu Desa Damit", "amenity": "clinic", "healthcare": null, "snap_dist_m": 13.66835655165046, "snap_lon": 114.9093506, "snap_lat": -3.9006249 }, "geometry": { "type": "Point", "coordinates": [ 114.909259750534872, -3.900541866843931 ] } },
{ "type": "Feature", "properties": { "osm_id": 654651226, "osm_type": "way", "name": "Klinik Mitra Sehat", "amenity": "clinic", "healthcare": null, "snap_dist_m": 100.99116788311707, "snap_lon": 115.0856041, "snap_lat": -3.904095 }, "geometry": { "type": "Point", "coordinates": [ 115.086265482740757, -3.903470907143653 ] } },
{ "type": "Feature", "properties": { "osm_id": 654651228, "osm_type": "way", "name": "Polindes Simpang Empat Sungai Baru", "amenity": "clinic", "healthcare": null, "snap_dist_m": 32.998468836403994, "snap_lon": 115.1013969, "snap_lat": -3.9173908 }, "geometry": { "type": "Point", "coordinates": [ 115.101099899998417, -3.917407250002042 ] } },
{ "type": "Feature", "properties": { "osm_id": 654651229, "osm_type": "way", "name": "Puskesmas Asam-asam", "amenity": "clinic", "healthcare": null, "snap_dist_m": 7.7312079134204339, "snap_lon": 115.0910917, "snap_lat": -3.901334 }, "geometry": { "type": "Point", "coordinates": [ 115.091137684289578, -3.90128175600138 ] } },
{ "type": "Feature", "properties": { "osm_id": 654849884, "osm_type": "way", "name": "Pustu Desa Sungai Riam", "amenity": "clinic", "healthcare": null, "snap_dist_m": 53.284168399719071, "snap_lon": 114.7295809, "snap_lat": -3.8766021 }, "geometry": { "type": "Point", "coordinates": [ 114.730061157697932, -3.876596130548423 ] } },
{ "type": "Feature", "properties": { "osm_id": 654852194, "osm_type": "way", "name": "Posyandu RW 4", "amenity": "clinic", "healthcare": null, "snap_dist_m": 5.9681526078684524, "snap_lon": 114.6991405, "snap_lat": -3.6097071 }, "geometry": { "type": "Point", "coordinates": [ 114.69919327701426, -3.609717415357878 ] } },
{ "type": "Feature", "properties": { "osm_id": 654853996, "osm_type": "way", "name": "Puskemas Pembantu", "amenity": "clinic", "healthcare": null, "snap_dist_m": 11.937154766686744, "snap_lon": 114.6297772, "snap_lat": -3.9740376 }, "geometry": { "type": "Point", "coordinates": [ 114.629836744720194, -3.973948178466033 ] } },
{ "type": "Feature", "properties": { "osm_id": 663186591, "osm_type": "way", "name": "Puskesmas Pembantu Keliling Benteng Ilir", "amenity": "clinic", "healthcare": null, "snap_dist_m": 18.10176014722887, "snap_lon": 114.7639387, "snap_lat": -3.3102894 }, "geometry": { "type": "Point", "coordinates": [ 114.763983642839136, -3.310132912142395 ] } },
{ "type": "Feature", "properties": { "osm_id": 587470967, "osm_type": "way", "name": "Puskesmas Rawat Inap Anjir Pasar", "amenity": "clinic", "healthcare": "clinic", "snap_dist_m": 29.410185308486216, "snap_lon": 114.5019051, "snap_lat": -3.1502634 }, "geometry": { "type": "Point", "coordinates": [ 114.501997914711183, -3.150511124737383 ] } },
{ "type": "Feature", "properties": { "osm_id": 625309400, "osm_type": "way", "name": "Dr. Bambang", "amenity": "dentist", "healthcare": "dentist", "snap_dist_m": 39.692575813902558, "snap_lon": 115.3859733, "snap_lat": -2.5814129 }, "geometry": { "type": "Point", "coordinates": [ 115.385889419415804, -2.58175988927243 ] } },
{ "type": "Feature", "properties": { "osm_id": 654368561, "osm_type": "way", "name": "PusKesDes Tampang", "amenity": "clinic", "healthcare": null, "snap_dist_m": 18.831499223420217, "snap_lon": 114.7896711, "snap_lat": -3.8402476 }, "geometry": { "type": "Point", "coordinates": [ 114.789807833745883, -3.840147255038139 ] } },
{ "type": "Feature", "properties": { "osm_id": 1192037520, "osm_type": "way", "name": "Poskesdes Kalintamui", "amenity": "clinic", "healthcare": null, "snap_dist_m": 60.695428462596993, "snap_lon": 115.3073256, "snap_lat": -2.407222 }, "geometry": { "type": "Point", "coordinates": [ 115.307720266665939, -2.407599441530798 ] } },
{ "type": "Feature", "properties": { "osm_id": 1192037535, "osm_type": "way", "name": "Poskesdes Rantawan", "amenity": "clinic", "healthcare": null, "snap_dist_m": 13.464060788980294, "snap_lon": 115.2330766, "snap_lat": -2.4553573 }, "geometry": { "type": "Point", "coordinates": [ 115.233195217091662, -2.455332451736589 ] } },
{ "type": "Feature", "properties": { "osm_id": 1237132055, "osm_type": "way", "name": "Puskesmas Cintapuri", "amenity": "clinic", "healthcare": null, "snap_dist_m": 113.68502949839078, "snap_lon": 115.0089949, "snap_lat": -3.215353 }, "geometry": { "type": "Point", "coordinates": [ 115.007973315916203, -3.215282724117957 ] } },
{ "type": "Feature", "properties": { "osm_id": 986583000, "osm_type": "way", "name": "Puskesmas Jaro", "amenity": "clinic", "healthcare": null, "snap_dist_m": 11.409868552097972, "snap_lon": 115.6366121, "snap_lat": -1.8355568 }, "geometry": { "type": "Point", "coordinates": [ 115.636552476940338, -1.835640333468209 ] } },
{ "type": "Feature", "properties": { "osm_id": 993809998, "osm_type": "way", "name": "Puskesmas Bakarangan", "amenity": "clinic", "healthcare": null, "snap_dist_m": 41.157107024651282, "snap_lon": 115.121744, "snap_lat": -2.9226306 }, "geometry": { "type": "Point", "coordinates": [ 115.122082164768429, -2.922782064959147 ] } },
{ "type": "Feature", "properties": { "osm_id": 995118581, "osm_type": "way", "name": "Puskesmas Pandahan", "amenity": "clinic", "healthcare": null, "snap_dist_m": 17.820492334764936, "snap_lon": 115.0761531, "snap_lat": -2.9318359 }, "geometry": { "type": "Point", "coordinates": [ 115.076224249998816, -2.931692250001239 ] } },
{ "type": "Feature", "properties": { "osm_id": 998151867, "osm_type": "way", "name": "Puskesmas Pembantu Sungai Tabukan", "amenity": "clinic", "healthcare": null, "snap_dist_m": 17.777612917535997, "snap_lon": 115.1999911, "snap_lat": -2.4547662 }, "geometry": { "type": "Point", "coordinates": [ 115.1999974999991, -2.454606449999918 ] } },
{ "type": "Feature", "properties": { "osm_id": 998151872, "osm_type": "way", "name": "Poskesdes Rantau Bujur Hilir", "amenity": "clinic", "healthcare": null, "snap_dist_m": 10.979608599450215, "snap_lon": 115.1641725, "snap_lat": -2.4472476 }, "geometry": { "type": "Point", "coordinates": [ 115.164178569003568, -2.44714904435375 ] } },
{ "type": "Feature", "properties": { "osm_id": 998151873, "osm_type": "way", "name": "Poskesdes Gampa Raya", "amenity": "clinic", "healthcare": null, "snap_dist_m": 14.946947377737212, "snap_lon": 115.1810195, "snap_lat": -2.4353766 }, "geometry": { "type": "Point", "coordinates": [ 115.180919249998453, -2.435286949999928 ] } },
{ "type": "Feature", "properties": { "osm_id": 998151874, "osm_type": "way", "name": "Puskesmas Pembantu Rantau Bujur Hulu", "amenity": "clinic", "healthcare": null, "snap_dist_m": 12.522621107560539, "snap_lon": 115.1733936, "snap_lat": -2.4431841 }, "geometry": { "type": "Point", "coordinates": [ 115.173476950805593, -2.443259917054966 ] } },
{ "type": "Feature", "properties": { "osm_id": 998332221, "osm_type": "way", "name": "Puskesmas Guntung", "amenity": "clinic", "healthcare": null, "snap_dist_m": 131.51546087477757, "snap_lon": 115.3118375, "snap_lat": -2.3522934 }, "geometry": { "type": "Point", "coordinates": [ 115.31089853221394, -2.351573181535918 ] } },
{ "type": "Feature", "properties": { "osm_id": 1018760531, "osm_type": "way", "name": "RSUD Abdul Aziz", "amenity": "hospital", "healthcare": "hospital", "snap_dist_m": 48.0492311536768, "snap_lon": 114.7604598, "snap_lat": -2.9807499 }, "geometry": { "type": "Point", "coordinates": [ 114.760858886386927, -2.980582909258231 ] } },
{ "type": "Feature", "properties": { "osm_id": 1029927337, "osm_type": "way", "name": "RS TNI AU Syamsudin Noor", "amenity": "hospital", "healthcare": "hospital", "snap_dist_m": 66.38614173765211, "snap_lon": 114.7441812, "snap_lat": -3.4449504 }, "geometry": { "type": "Point", "coordinates": [ 114.744740109858981, -3.444737829125053 ] } },
{ "type": "Feature", "properties": { "osm_id": 1030080433, "osm_type": "way", "name": "Puskesmas Kertak Hanyar", "amenity": "clinic", "healthcare": "clinic", "snap_dist_m": 15.225520117782331, "snap_lon": 114.6294972, "snap_lat": -3.3553587 }, "geometry": { "type": "Point", "coordinates": [ 114.629431049994736, -3.355238749998314 ] } },
{ "type": "Feature", "properties": { "osm_id": 1387923174, "osm_type": "way", "name": "Poskesdes Samuda", "amenity": "clinic", "healthcare": null, "snap_dist_m": 24.151488485968173, "snap_lon": 114.616267, "snap_lat": -3.1198886 }, "geometry": { "type": "Point", "coordinates": [ 114.616049642025587, -3.11988016785614 ] } },
{ "type": "Feature", "properties": { "osm_id": 1270665933, "osm_type": "way", "name": "Klinik", "amenity": "clinic", "healthcare": null, "snap_dist_m": 30.640665293293843, "snap_lon": 115.0808633, "snap_lat": -2.9401856 }, "geometry": { "type": "Point", "coordinates": [ 115.080650949999921, -2.940361550000904 ] } },
{ "type": "Feature", "properties": { "osm_id": 1267036533, "osm_type": "way", "name": "Puskesmas", "amenity": "clinic", "healthcare": null, "snap_dist_m": 19.361991446567956, "snap_lon": 115.1757489, "snap_lat": -3.0408697 }, "geometry": { "type": "Point", "coordinates": [ 115.175765349995771, -3.040696350000507 ] } },
{ "type": "Feature", "properties": { "osm_id": 1266029355, "osm_type": "way", "name": "Puskesmas", "amenity": "clinic", "healthcare": null, "snap_dist_m": 22.046898246561224, "snap_lon": 115.1725712, "snap_lat": -2.99547 }, "geometry": { "type": "Point", "coordinates": [ 115.172372683003388, -2.995473257602344 ] } },
{ "type": "Feature", "properties": { "osm_id": 1250304165, "osm_type": "way", "name": "Poskesdes Rantau Bujur", "amenity": "clinic", "healthcare": null, "snap_dist_m": 15.428511625041406, "snap_lon": 115.2416284, "snap_lat": -3.0077 }, "geometry": { "type": "Point", "coordinates": [ 115.24172994999978, -3.007794700000732 ] } },
{ "type": "Feature", "properties": { "osm_id": 1367354741, "osm_type": "way", "name": "Rumah Sakit Islam Sultan Agung Banjarbaru", "amenity": "hospital", "healthcare": "hospital", "snap_dist_m": 70.395742015049763, "snap_lon": 114.6993049, "snap_lat": -3.4305682 }, "geometry": { "type": "Point", "coordinates": [ 114.699050888774678, -3.43114829039741 ] } },
{ "type": "Feature", "properties": { "osm_id": 3292346095, "osm_type": "node", "name": "Puskesmas Batulicin", "amenity": "clinic", "healthcare": null, "snap_dist_m": 15.469643851562861, "snap_lon": 116.0042511, "snap_lat": -3.4486454 }, "geometry": { "type": "Point", "coordinates": [ 116.0043826, -3.4485993 ] } },
{ "type": "Feature", "properties": { "osm_id": 1805714685, "osm_type": "node", "name": "Polindes Batilai", "amenity": "hospital", "healthcare": null, "snap_dist_m": 13.908644845724844, "snap_lon": 114.7008115, "snap_lat": -3.8332285 }, "geometry": { "type": "Point", "coordinates": [ 114.700756700000014, -3.833116 ] } },
{ "type": "Feature", "properties": { "osm_id": 1805714686, "osm_type": "node", "name": "Polindes", "amenity": "hospital", "healthcare": null, "snap_dist_m": 26.257175460247893, "snap_lon": 114.6270502, "snap_lat": -3.672476 }, "geometry": { "type": "Point", "coordinates": [ 114.6272385, -3.672333 ] } },
{ "type": "Feature", "properties": { "osm_id": 1805714687, "osm_type": "node", "name": "Polindes", "amenity": "hospital", "healthcare": null, "snap_dist_m": 11.515837372700817, "snap_lon": 114.7679405, "snap_lat": -3.9496878 }, "geometry": { "type": "Point", "coordinates": [ 114.7680436, -3.9496757 ] } },
{ "type": "Feature", "properties": { "osm_id": 1805714697, "osm_type": "node", "name": "Poskes", "amenity": "hospital", "healthcare": null, "snap_dist_m": 33.125746603286174, "snap_lon": 114.6787155, "snap_lat": -4.0555639 }, "geometry": { "type": "Point", "coordinates": [ 114.678940499999982, -4.0557598 ] } },
{ "type": "Feature", "properties": { "osm_id": 1805714699, "osm_type": "node", "name": "Puskesmas Batalang", "amenity": "clinic", "healthcare": "clinic", "snap_dist_m": 25.503251132345778, "snap_lon": 114.9234387, "snap_lat": -3.9184205 }, "geometry": { "type": "Point", "coordinates": [ 114.923623, -3.9182834 ] } },
{ "type": "Feature", "properties": { "osm_id": 1805714700, "osm_type": "node", "name": "Puskesmas Batu Ampar", "amenity": "hospital", "healthcare": null, "snap_dist_m": 13.670834694812571, "snap_lon": 114.8233132, "snap_lat": -3.8843839 }, "geometry": { "type": "Point", "coordinates": [ 114.8234351, -3.8844019 ] } },
{ "type": "Feature", "properties": { "osm_id": 1805714701, "osm_type": "node", "name": "Puskesmas Jorong", "amenity": "clinic", "healthcare": "clinic", "snap_dist_m": 29.648657044244683, "snap_lon": 114.9253811, "snap_lat": -3.9744427 }, "geometry": { "type": "Point", "coordinates": [ 114.925273100000013, -3.9746866 ] } },
{ "type": "Feature", "properties": { "osm_id": 1805714705, "osm_type": "node", "name": "Puskesmas Takisung", "amenity": "hospital", "healthcare": null, "snap_dist_m": 46.722482490528165, "snap_lon": 114.6599009, "snap_lat": -3.8778014 }, "geometry": { "type": "Point", "coordinates": [ 114.6602943, -3.8776514 ] } },
{ "type": "Feature", "properties": { "osm_id": 1805714707, "osm_type": "node", "name": "Puskesmas Takisung", "amenity": "hospital", "healthcare": null, "snap_dist_m": 15.344118496596677, "snap_lon": 114.7206867, "snap_lat": -3.961056 }, "geometry": { "type": "Point", "coordinates": [ 114.7205618, -3.9609967 ] } },
{ "type": "Feature", "properties": { "osm_id": 1805714710, "osm_type": "node", "name": "Puskesmas Trans 200", "amenity": "hospital", "healthcare": null, "snap_dist_m": 58.168679451648281, "snap_lon": 114.9733025, "snap_lat": -3.9782813 }, "geometry": { "type": "Point", "coordinates": [ 114.9733825, -3.9777643 ] } },
{ "type": "Feature", "properties": { "osm_id": 1805714719, "osm_type": "node", "name": "Puskesmas Kurau", "amenity": "hospital", "healthcare": null, "snap_dist_m": 15.56044775887135, "snap_lon": 114.6191626, "snap_lat": -3.5925526 }, "geometry": { "type": "Point", "coordinates": [ 114.6192349, -3.5926725 ] } },
{ "type": "Feature", "properties": { "osm_id": 1805714720, "osm_type": "node", "name": "Pustu Asam-Asam", "amenity": "hospital", "healthcare": null, "snap_dist_m": 19.679231513955806, "snap_lon": 115.080822, "snap_lat": -3.9303689 }, "geometry": { "type": "Point", "coordinates": [ 115.0809669, -3.930471 ] } },
{ "type": "Feature", "properties": { "osm_id": 1805714722, "osm_type": "node", "name": "Pustu Gunung Makmur", "amenity": "clinic", "healthcare": null, "snap_dist_m": 79.091065117248561, "snap_lon": 114.6458811, "snap_lat": -3.8862774 }, "geometry": { "type": "Point", "coordinates": [ 114.6465837, -3.8861568 ] } },
{ "type": "Feature", "properties": { "osm_id": 9840186844, "osm_type": "node", "name": "Dr Edi Hartoyo Sp A", "amenity": "doctors", "healthcare": "doctor", "snap_dist_m": 19.971014981484046, "snap_lon": 114.6100965, "snap_lat": -3.3343841 }, "geometry": { "type": "Point", "coordinates": [ 114.610202799999982, -3.334529 ] } },
{ "type": "Feature", "properties": { "osm_id": 9840424343, "osm_type": "node", "name": "Dokter Gigi Buyung Maglenda", "amenity": "doctors", "healthcare": "doctor", "snap_dist_m": 25.839422747096446, "snap_lon": 114.6180432, "snap_lat": -3.3300622 }, "geometry": { "type": "Point", "coordinates": [ 114.6179429, -3.3298525 ] } },
{ "type": "Feature", "properties": { "osm_id": 9840429253, "osm_type": "node", "name": "Tukang Gigi Wisen", "amenity": "dentist", "healthcare": "dentist", "snap_dist_m": 10.280528792067585, "snap_lon": 114.5958272, "snap_lat": -3.3240187 }, "geometry": { "type": "Point", "coordinates": [ 114.5957414, -3.3240535 ] } },
{ "type": "Feature", "properties": { "osm_id": 9842933236, "osm_type": "node", "name": "Amanda Estetika", "amenity": "doctors", "healthcare": "doctor", "snap_dist_m": 12.337816256767519, "snap_lon": 114.59863, "snap_lat": -3.3259318 }, "geometry": { "type": "Point", "coordinates": [ 114.598712, -3.3260067 ] } },
{ "type": "Feature", "properties": { "osm_id": 9843315760, "osm_type": "node", "name": "Praktek Dokter Dr. Iskandar Halim Sp.A", "amenity": "doctors", "healthcare": "doctor", "snap_dist_m": 7.4451579637797796, "snap_lon": 114.597641, "snap_lat": -3.3134564 }, "geometry": { "type": "Point", "coordinates": [ 114.5976841, -3.3134051 ] } },
{ "type": "Feature", "properties": { "osm_id": 12387516782, "osm_type": "node", "name": "Puskesmas Kayutangi", "amenity": "clinic", "healthcare": null, "snap_dist_m": 27.398955154406515, "snap_lon": 114.5953558, "snap_lat": -3.2911086 }, "geometry": { "type": "Point", "coordinates": [ 114.5951097, -3.2911273 ] } },
{ "type": "Feature", "properties": { "osm_id": 12455972155, "osm_type": "node", "name": "Poskesdes Desa Tamiang", "amenity": "hospital", "healthcare": "hospital", "snap_dist_m": 15166.82670397589, "snap_lon": 116.1806465, "snap_lat": -2.5042139 }, "geometry": { "type": "Point", "coordinates": [ 116.2961199, -2.4314459 ] } },
{ "type": "Feature", "properties": { "osm_id": 12479859084, "osm_type": "node", "name": "Puskesmas Margasari", "amenity": "clinic", "healthcare": null, "snap_dist_m": 21.808195096014916, "snap_lon": 114.9294627, "snap_lat": -2.8753483 }, "geometry": { "type": "Point", "coordinates": [ 114.9292673, -2.8753288 ] } },
{ "type": "Feature", "properties": { "osm_id": 12480067102, "osm_type": "node", "name": "Poskesdes Nateh", "amenity": "clinic", "healthcare": null, "snap_dist_m": 14.918697642462657, "snap_lon": 115.5584344, "snap_lat": -2.523116 }, "geometry": { "type": "Point", "coordinates": [ 115.55844110000001, -2.52325 ] } },
{ "type": "Feature", "properties": { "osm_id": 12712311179, "osm_type": "node", "name": "Rumah Sakit Umum Nirwana", "amenity": "hospital", "healthcare": "hospital", "snap_dist_m": 25.513370474639689, "snap_lon": 114.8405446, "snap_lat": -3.4389988 }, "geometry": { "type": "Point", "coordinates": [ 114.840418900000017, -3.4391909 ] } },
{ "type": "Feature", "properties": { "osm_id": 13508084439, "osm_type": "node", "name": null, "amenity": "hospital", "healthcare": "hospital", "snap_dist_m": 143.8694965206999, "snap_lon": 115.8714679, "snap_lat": -2.9537729 }, "geometry": { "type": "Point", "coordinates": [ 115.872242, -2.9527354 ] } },
{ "type": "Feature", "properties": { "osm_id": 13508131561, "osm_type": "node", "name": null, "amenity": "hospital", "healthcare": "hospital", "snap_dist_m": 180.07381787424686, "snap_lon": 115.8688465, "snap_lat": -2.9521222 }, "geometry": { "type": "Point", "coordinates": [ 115.869512400000019, -2.9506456 ] } },
{ "type": "Feature", "properties": { "osm_id": 14001684201, "osm_type": "node", "name": "Rumah Sakit Siloam Banjarmasin", "amenity": "hospital", "healthcare": null, "snap_dist_m": 38.008351727256411, "snap_lon": 114.6050243, "snap_lat": -3.3257244 }, "geometry": { "type": "Point", "coordinates": [ 114.6049013, -3.3260434 ] } },
{ "type": "Feature", "properties": { "osm_id": 6697419509, "osm_type": "node", "name": "Klinik Hafisa Dahlia", "amenity": "clinic", "healthcare": "doctor+pharmacy", "snap_dist_m": 32.677694175853297, "snap_lon": 114.5831264, "snap_lat": -3.3276599 }, "geometry": { "type": "Point", "coordinates": [ 114.5828322, -3.3276498 ] } },
{ "type": "Feature", "properties": { "osm_id": 6776387672, "osm_type": "node", "name": "Balai Pengobatan Advent", "amenity": "clinic", "healthcare": "clinic", "snap_dist_m": 30.535997384026022, "snap_lon": 114.5744383, "snap_lat": -3.3224578 }, "geometry": { "type": "Point", "coordinates": [ 114.5743362, -3.3222028 ] } },
{ "type": "Feature", "properties": { "osm_id": 7161494192, "osm_type": "node", "name": "Klinik Cahaya Imani", "amenity": "clinic", "healthcare": null, "snap_dist_m": 18.044910120446655, "snap_lon": 115.2721971, "snap_lat": -2.7785907 }, "geometry": { "type": "Point", "coordinates": [ 115.2720349, -2.7786001 ] } },
{ "type": "Feature", "properties": { "osm_id": 7227739112, "osm_type": "node", "name": "Darplastic", "amenity": "clinic", "healthcare": "clinic", "snap_dist_m": 27.01780419494483, "snap_lon": 114.6082154, "snap_lat": -3.3011986 }, "geometry": { "type": "Point", "coordinates": [ 114.608314099999987, -3.3009765 ] } },
{ "type": "Feature", "properties": { "osm_id": 7227739113, "osm_type": "node", "name": "Matta", "amenity": "clinic", "healthcare": "clinic", "snap_dist_m": 30.84894926498886, "snap_lon": 114.6082154, "snap_lat": -3.3011986 }, "geometry": { "type": "Point", "coordinates": [ 114.6082735, -3.3009273 ] } },
{ "type": "Feature", "properties": { "osm_id": 7353571531, "osm_type": "node", "name": null, "amenity": "doctors", "healthcare": "doctor", "snap_dist_m": 51.832715215864738, "snap_lon": 114.5981357, "snap_lat": -3.3269089 }, "geometry": { "type": "Point", "coordinates": [ 114.597732799999989, -3.3266733 ] } },
{ "type": "Feature", "properties": { "osm_id": 8491745287, "osm_type": "node", "name": "Klinik Utama Rawat Jalan Sutoyo Medika", "amenity": "clinic", "healthcare": "clinic", "snap_dist_m": 23.198704032675057, "snap_lon": 114.5779738, "snap_lat": -3.3216387 }, "geometry": { "type": "Point", "coordinates": [ 114.5779774, -3.3214301 ] } },
{ "type": "Feature", "properties": { "osm_id": 8838727860, "osm_type": "node", "name": "Klinik Praktama Asri", "amenity": "clinic", "healthcare": "clinic", "snap_dist_m": 66.893297549004004, "snap_lon": 114.8052219, "snap_lat": -3.4484654 }, "geometry": { "type": "Point", "coordinates": [ 114.805781199999984, -3.4482413 ] } },
{ "type": "Feature", "properties": { "osm_id": 8948722695, "osm_type": "node", "name": "Eks RSJ Tamban", "amenity": "hospital", "healthcare": null, "snap_dist_m": 69.46493306904695, "snap_lon": 114.4972726, "snap_lat": -3.3380439 }, "geometry": { "type": "Point", "coordinates": [ 114.4973525, -3.3386635 ] } },
{ "type": "Feature", "properties": { "osm_id": 9023149189, "osm_type": "node", "name": "LMMC", "amenity": "clinic", "healthcare": "clinic", "snap_dist_m": 58.953933143246537, "snap_lon": 114.8443365, "snap_lat": -3.4430968 }, "geometry": { "type": "Point", "coordinates": [ 114.8443635, -3.4436263 ] } },
{ "type": "Feature", "properties": { "osm_id": 9023149192, "osm_type": "node", "name": "RS Mawar", "amenity": "hospital", "healthcare": "hospital", "snap_dist_m": 28.606953201569919, "snap_lon": 114.8379971, "snap_lat": -3.439045 }, "geometry": { "type": "Point", "coordinates": [ 114.8380571, -3.4387948 ] } },
{ "type": "Feature", "properties": { "osm_id": 9041116522, "osm_type": "node", "name": "RSU Syifa Medika", "amenity": "hospital", "healthcare": "hospital", "snap_dist_m": 40.447016560420288, "snap_lon": 114.8161672, "snap_lat": -3.4583452 }, "geometry": { "type": "Point", "coordinates": [ 114.8165312, -3.4583279 ] } },
{ "type": "Feature", "properties": { "osm_id": 9050193988, "osm_type": "node", "name": "RSU Al-Mansyur Medika", "amenity": "hospital", "healthcare": "hospital", "snap_dist_m": 24.304663102540015, "snap_lon": 114.8479246, "snap_lat": -3.4420322 }, "geometry": { "type": "Point", "coordinates": [ 114.84806540000001, -3.4418648 ] } },
{ "type": "Feature", "properties": { "osm_id": 9619867242, "osm_type": "node", "name": "RSUD Hadji Boejasin", "amenity": "hospital", "healthcare": "hospital", "snap_dist_m": 156.87442159953855, "snap_lon": 114.7858818, "snap_lat": -3.8267334 }, "geometry": { "type": "Point", "coordinates": [ 114.7865236, -3.8279905 ] } },
{ "type": "Feature", "properties": { "osm_id": 4768959846, "osm_type": "node", "name": "Poskesdes Paran", "amenity": "clinic", "healthcare": null, "snap_dist_m": 33.050840496885058, "snap_lon": 115.5076911, "snap_lat": -2.30925 }, "geometry": { "type": "Point", "coordinates": [ 115.507644099999979, -2.3089565 ] } },
{ "type": "Feature", "properties": { "osm_id": 4769013070, "osm_type": "node", "name": "Puskesmas Halong", "amenity": "clinic", "healthcare": null, "snap_dist_m": 46.436174839848093, "snap_lon": 115.6554553, "snap_lat": -2.2640533 }, "geometry": { "type": "Point", "coordinates": [ 115.655277, -2.2636756 ] } },
{ "type": "Feature", "properties": { "osm_id": 4770471294, "osm_type": "node", "name": "Puskesmas Danau Panggang", "amenity": "clinic", "healthcare": null, "snap_dist_m": 43.720088144150708, "snap_lon": 115.1049802, "snap_lat": -2.4634907 }, "geometry": { "type": "Point", "coordinates": [ 115.10514790000002, -2.4638464 ] } },
{ "type": "Feature", "properties": { "osm_id": 4770573517, "osm_type": "node", "name": "Puskesmas Pembantu Sungai Luang Hilir", "amenity": "clinic", "healthcare": null, "snap_dist_m": 15.542681512937513, "snap_lon": 115.1198721, "snap_lat": -2.5099981 }, "geometry": { "type": "Point", "coordinates": [ 115.120012, -2.51 ] } },
{ "type": "Feature", "properties": { "osm_id": 4998866648, "osm_type": "node", "name": "Poskesdes Kambitin Raya", "amenity": "clinic", "healthcare": null, "snap_dist_m": 29.361634358960298, "snap_lon": 115.3719326, "snap_lat": -2.0744959 }, "geometry": { "type": "Point", "coordinates": [ 115.3716896, -2.0743922 ] } },
{ "type": "Feature", "properties": { "osm_id": 5005217239, "osm_type": "node", "name": "Puskesmas Angkinang", "amenity": "clinic", "healthcare": null, "snap_dist_m": 80.949579010449426, "snap_lon": 115.2941606, "snap_lat": -2.7296729 }, "geometry": { "type": "Point", "coordinates": [ 115.2934778, -2.7294183 ] } },
{ "type": "Feature", "properties": { "osm_id": 5021278655, "osm_type": "node", "name": "UPT Puskesmas Sungai Tabuk 3", "amenity": "clinic", "healthcare": "clinic", "snap_dist_m": 29.537766222920645, "snap_lon": 114.6326559, "snap_lat": -3.3136727 }, "geometry": { "type": "Point", "coordinates": [ 114.632442, -3.3135147 ] } },
{ "type": "Feature", "properties": { "osm_id": 5021278671, "osm_type": "node", "name": "Puskesmas Pembantu Gardu Mekar Indah", "amenity": "clinic", "healthcare": "clinic", "snap_dist_m": 27.262464093021318, "snap_lon": 114.6265447, "snap_lat": -3.3207137 }, "geometry": { "type": "Point", "coordinates": [ 114.6266592, -3.3204968 ] } },
{ "type": "Feature", "properties": { "osm_id": 5154841223, "osm_type": "node", "name": "Rumah Dokter Silahuddin", "amenity": "doctors", "healthcare": "doctor", "snap_dist_m": 14.756226672312954, "snap_lon": 115.1541337, "snap_lat": -2.9258571 }, "geometry": { "type": "Point", "coordinates": [ 115.154001500000021, -2.9258437 ] } },
{ "type": "Feature", "properties": { "osm_id": 5172232321, "osm_type": "node", "name": "Puskesmas Baruh Jaya", "amenity": "doctors", "healthcare": null, "snap_dist_m": 45.063621761747761, "snap_lon": 115.0836781, "snap_lat": -2.6345842 }, "geometry": { "type": "Point", "coordinates": [ 115.0838521, -2.6342181 ] } },
{ "type": "Feature", "properties": { "osm_id": 5548115614, "osm_type": "node", "name": "Poskesdes Hauwai", "amenity": "clinic", "healthcare": null, "snap_dist_m": 13.766885340023695, "snap_lon": 115.6727394, "snap_lat": -2.24442 }, "geometry": { "type": "Point", "coordinates": [ 115.6728561, -2.2443784 ] } },
{ "type": "Feature", "properties": { "osm_id": 6071013085, "osm_type": "node", "name": "RS. TNI AU Syamsudin Noor", "amenity": "hospital", "healthcare": null, "snap_dist_m": 27.801847349347987, "snap_lon": 114.7441812, "snap_lat": -3.4449504 }, "geometry": { "type": "Point", "coordinates": [ 114.7443104, -3.4447362 ] } },
{ "type": "Feature", "properties": { "osm_id": 6612716203, "osm_type": "node", "name": "Puskesmas", "amenity": "clinic", "healthcare": "clinic", "snap_dist_m": 36.154503344883956, "snap_lon": 114.5875689, "snap_lat": -3.3231443 }, "geometry": { "type": "Point", "coordinates": [ 114.5874277, -3.3234373 ] } },
{ "type": "Feature", "properties": { "osm_id": 6697394360, "osm_type": "node", "name": "Posyandu", "amenity": "clinic", "healthcare": "clinic", "snap_dist_m": 15.034253030990584, "snap_lon": 114.5888556, "snap_lat": -3.315341 }, "geometry": { "type": "Point", "coordinates": [ 114.5887714, -3.3152351 ] } },
{ "type": "Feature", "properties": { "osm_id": 6697394382, "osm_type": "node", "name": null, "amenity": "dentist", "healthcare": "dentist", "snap_dist_m": 43.16295686099599, "snap_lon": 114.5835266, "snap_lat": -3.3204403 }, "geometry": { "type": "Point", "coordinates": [ 114.583573, -3.3208257 ] } },
{ "type": "Feature", "properties": { "osm_id": 6697419508, "osm_type": "node", "name": null, "amenity": "doctors", "healthcare": "midwife", "snap_dist_m": 9.4746505665073357, "snap_lon": 114.5830681, "snap_lat": -3.3283203 }, "geometry": { "type": "Point", "coordinates": [ 114.582987700000018, -3.3282917 ] } },
{ "type": "Feature", "properties": { "osm_id": 3306022165, "osm_type": "node", "name": "Puskesmas Sebamban 2", "amenity": "clinic", "healthcare": null, "snap_dist_m": 29.912603669114155, "snap_lon": 115.6042144, "snap_lat": -3.7149655 }, "geometry": { "type": "Point", "coordinates": [ 115.604231, -3.714697 ] } },
{ "type": "Feature", "properties": { "osm_id": 3559317951, "osm_type": "node", "name": "Poskesdes Pangi", "amenity": "clinic", "healthcare": null, "snap_dist_m": 34.035518998891853, "snap_lon": 115.4294666, "snap_lat": -2.0740187 }, "geometry": { "type": "Point", "coordinates": [ 115.4293319, -2.0737438 ] } },
{ "type": "Feature", "properties": { "osm_id": 3610260145, "osm_type": "node", "name": "Puskesmas Dalam Pagar", "amenity": "clinic", "healthcare": "clinic", "snap_dist_m": 32.056006436785871, "snap_lon": 114.8410915, "snap_lat": -3.3889216 }, "geometry": { "type": "Point", "coordinates": [ 114.8413053, -3.3887278 ] } },
{ "type": "Feature", "properties": { "osm_id": 3612249028, "osm_type": "node", "name": "Puskesmas Sungai Jingah", "amenity": "clinic", "healthcare": "clinic", "snap_dist_m": 21.181919542371851, "snap_lon": 114.6033508, "snap_lat": -3.3085702 }, "geometry": { "type": "Point", "coordinates": [ 114.6033422, -3.3087605 ] } },
{ "type": "Feature", "properties": { "osm_id": 3646971058, "osm_type": "node", "name": "Puskesmas Mabuun", "amenity": "clinic", "healthcare": null, "snap_dist_m": 42.036161181162335, "snap_lon": 115.4153198, "snap_lat": -2.1707233 }, "geometry": { "type": "Point", "coordinates": [ 115.4149777, -2.1708847 ] } },
{ "type": "Feature", "properties": { "osm_id": 3938979543, "osm_type": "node", "name": "Puskesmas Pagatan", "amenity": "clinic", "healthcare": "clinic", "snap_dist_m": 36.640466940529485, "snap_lon": 115.9270685, "snap_lat": -3.6080046 }, "geometry": { "type": "Point", "coordinates": [ 115.9273662, -3.6081471 ] } },
{ "type": "Feature", "properties": { "osm_id": 4229591586, "osm_type": "node", "name": "Puskesmas Nagara", "amenity": "clinic", "healthcare": null, "snap_dist_m": 25.555153160897238, "snap_lon": 115.1070132, "snap_lat": -2.628612 }, "geometry": { "type": "Point", "coordinates": [ 115.1072421, -2.6285889 ] } },
{ "type": "Feature", "properties": { "osm_id": 4229591587, "osm_type": "node", "name": "RSUD Daha Sejahtera", "amenity": "hospital", "healthcare": null, "snap_dist_m": 40.835133448458905, "snap_lon": 115.1184113, "snap_lat": -2.6357725 }, "geometry": { "type": "Point", "coordinates": [ 115.118679, -2.6360242 ] } },
{ "type": "Feature", "properties": { "osm_id": 4229649122, "osm_type": "node", "name": "Puskesmas Kandangan", "amenity": "clinic", "healthcare": null, "snap_dist_m": 29.48808257008583, "snap_lon": 115.2647795, "snap_lat": -2.7764743 }, "geometry": { "type": "Point", "coordinates": [ 115.2650314, -2.7763905 ] } },
{ "type": "Feature", "properties": { "osm_id": 4229649123, "osm_type": "node", "name": "Puskesmas Pembantu Bangkau", "amenity": "clinic", "healthcare": null, "snap_dist_m": 20.695085496591304, "snap_lon": 115.1981775, "snap_lat": -2.6809151 }, "geometry": { "type": "Point", "coordinates": [ 115.1983275, -2.6810255 ] } },
{ "type": "Feature", "properties": { "osm_id": 4428325296, "osm_type": "node", "name": "dr. Suka Dwi Rahardja, Sp.PA", "amenity": "doctors", "healthcare": null, "snap_dist_m": 13.137580710064324, "snap_lon": 114.8366171, "snap_lat": -3.4526996 }, "geometry": { "type": "Point", "coordinates": [ 114.8367126, -3.4527694 ] } },
{ "type": "Feature", "properties": { "osm_id": 4429998289, "osm_type": "node", "name": "RSB AINUN", "amenity": "clinic", "healthcare": null, "snap_dist_m": 35.340115954456003, "snap_lon": 114.7601617, "snap_lat": -3.8075734 }, "geometry": { "type": "Point", "coordinates": [ 114.7600718, -3.8078783 ] } },
{ "type": "Feature", "properties": { "osm_id": 4733442856, "osm_type": "node", "name": "Poskesdes Badalungga", "amenity": "clinic", "healthcare": null, "snap_dist_m": 19.195192521535297, "snap_lon": 115.5449055, "snap_lat": -2.4110469 }, "geometry": { "type": "Point", "coordinates": [ 115.5450476, -2.4111451 ] } },
{ "type": "Feature", "properties": { "osm_id": 4765879346, "osm_type": "node", "name": "Poskesdes Batang Banyu", "amenity": "clinic", "healthcare": null, "snap_dist_m": 9.290213113674147, "snap_lon": 115.2713576, "snap_lat": -2.3531751 }, "geometry": { "type": "Point", "coordinates": [ 115.2714412, -2.3531769 ] } },
{ "type": "Feature", "properties": { "osm_id": 3298163325, "osm_type": "node", "name": "Poskesdes Betung", "amenity": "clinic", "healthcare": null, "snap_dist_m": 21357.183848448847, "snap_lon": 116.1221468, "snap_lat": -3.2736142 }, "geometry": { "type": "Point", "coordinates": [ 116.2144444, -3.4421407 ] } },
{ "type": "Feature", "properties": { "osm_id": 3298183086, "osm_type": "node", "name": "RSUD Kotabaru", "amenity": "hospital", "healthcare": "hospital", "snap_dist_m": 7708.7633295187725, "snap_lon": 116.1475897, "snap_lat": -3.2332493 }, "geometry": { "type": "Point", "coordinates": [ 116.2144342, -3.2520185 ] } },
{ "type": "Feature", "properties": { "osm_id": 3304166559, "osm_type": "node", "name": "RSUD dr. Andi Abdurrahman Noor", "amenity": "hospital", "healthcare": null, "snap_dist_m": 134.77160075641331, "snap_lon": 115.9581232, "snap_lat": -3.5232011 }, "geometry": { "type": "Point", "coordinates": [ 115.9585067, -3.5220511 ] } },
{ "type": "Feature", "properties": { "osm_id": 4766205743, "osm_type": "node", "name": "Poskesdes Keramat", "amenity": "clinic", "healthcare": null, "snap_dist_m": 21.79491079124799, "snap_lon": 115.2255859, "snap_lat": -2.4569188 }, "geometry": { "type": "Point", "coordinates": [ 115.225708900000015, -2.4570715 ] } },
{ "type": "Feature", "properties": { "osm_id": 1805714725, "osm_type": "node", "name": "Pustu Takisunfg", "amenity": "hospital", "healthcare": null, "snap_dist_m": 47.458964337639067, "snap_lon": 114.6102429, "snap_lat": -3.870323 }, "geometry": { "type": "Point", "coordinates": [ 114.6105347, -3.8706351 ] } },
{ "type": "Feature", "properties": { "osm_id": 1805714726, "osm_type": "node", "name": "Pustu Tungkaran", "amenity": "hospital", "healthcare": null, "snap_dist_m": 16.284287115746459, "snap_lon": 114.6917538, "snap_lat": -3.7624732 }, "geometry": { "type": "Point", "coordinates": [ 114.6917931, -3.7623321 ] } },
{ "type": "Feature", "properties": { "osm_id": 1805714727, "osm_type": "node", "name": "Pustu Ujung Batu", "amenity": "hospital", "healthcare": null, "snap_dist_m": 14.854525138033102, "snap_lon": 114.6941516, "snap_lat": -3.7464468 }, "geometry": { "type": "Point", "coordinates": [ 114.69423980000002, -3.7465473 ] } },
{ "type": "Feature", "properties": { "osm_id": 1805714728, "osm_type": "node", "name": "Pustu", "amenity": "hospital", "healthcare": null, "snap_dist_m": 14.380398832088467, "snap_lon": 114.80618, "snap_lat": -3.6236279 }, "geometry": { "type": "Point", "coordinates": [ 114.8061774, -3.6237572 ] } },
{ "type": "Feature", "properties": { "osm_id": 1805714729, "osm_type": "node", "name": "Pustu", "amenity": "hospital", "healthcare": null, "snap_dist_m": 57.213725472095312, "snap_lon": 114.8511911, "snap_lat": -3.6857401 }, "geometry": { "type": "Point", "coordinates": [ 114.850782100000018, -3.6854268 ] } },
{ "type": "Feature", "properties": { "osm_id": 2528862499, "osm_type": "node", "name": "RSUD Pembalah Batung", "amenity": "hospital", "healthcare": "hospital", "snap_dist_m": 42.127032446600467, "snap_lon": 115.2552013, "snap_lat": -2.4177067 }, "geometry": { "type": "Point", "coordinates": [ 115.254842100000019, -2.4175853 ] } },
{ "type": "Feature", "properties": { "osm_id": 2541463532, "osm_type": "node", "name": "Puskesmas Banua Lawas", "amenity": "hospital", "healthcare": null, "snap_dist_m": 32.086534302305751, "snap_lon": 115.2772977, "snap_lat": -2.3207644 }, "geometry": { "type": "Point", "coordinates": [ 115.2770991, -2.3209739 ] } },
{ "type": "Feature", "properties": { "osm_id": 3164269982, "osm_type": "node", "name": "Puskesmas Sungai Tiung", "amenity": "clinic", "healthcare": null, "snap_dist_m": 202.23440799404628, "snap_lon": 114.8393569, "snap_lat": -3.5034054 }, "geometry": { "type": "Point", "coordinates": [ 114.838967400000016, -3.5016287 ] } },
{ "type": "Feature", "properties": { "osm_id": 3178229099, "osm_type": "node", "name": "RS Pelita Insani", "amenity": "hospital", "healthcare": "hospital", "snap_dist_m": 35.61247280238026, "snap_lon": 114.8512942, "snap_lat": -3.4234197 }, "geometry": { "type": "Point", "coordinates": [ 114.8515705, -3.4235825 ] } },
{ "type": "Feature", "properties": { "osm_id": 3280635065, "osm_type": "node", "name": "Poskesdes Gunung Besar", "amenity": "clinic", "healthcare": null, "snap_dist_m": 48.383931325942903, "snap_lon": 116.0074778, "snap_lat": -3.3675925 }, "geometry": { "type": "Point", "coordinates": [ 116.007776600000014, -3.3672757 ] } },
{ "type": "Feature", "properties": { "osm_id": 3285383091, "osm_type": "node", "name": "Puskesmas Batulicin 1", "amenity": "clinic", "healthcare": null, "snap_dist_m": 31.557404897755156, "snap_lon": 115.9307278, "snap_lat": -3.343093 }, "geometry": { "type": "Point", "coordinates": [ 115.930609799999985, -3.3428348 ] } },
{ "type": "Feature", "properties": { "osm_id": 1805714723, "osm_type": "node", "name": "Pustu Panggung Baru", "amenity": "hospital", "healthcare": null, "snap_dist_m": 50.774495188779767, "snap_lon": 114.7285417, "snap_lat": -3.7413294 }, "geometry": { "type": "Point", "coordinates": [ 114.728084700000011, -3.7413528 ] } },
{ "type": "Feature", "properties": { "osm_id": 1805714724, "osm_type": "node", "name": "Pustu Pantai Linuh", "amenity": "hospital", "healthcare": null, "snap_dist_m": 13.335748642084923, "snap_lon": 114.84608, "snap_lat": -3.8481495 }, "geometry": { "type": "Point", "coordinates": [ 114.8461999, -3.848158 ] } }
]
}
